7.635411857576759758e+02,7.850887646423894921e+02,9.564769376562454681e+02,1.019124840582010052e+03,1.360837413338995475e+03,1.367942186123099873e+03,1.302718365084227571e+03,1.260428266125106802e+03,1.124367256102714464e+03,9.963931319918630152e+02,7.870648957857752066e+02,5.165596183613012045e+02,2.967135636439210771e+02,1.609372868168291859e+02,4.374368238006864118e+01,1.054011825433957217e+00,1.660413754941582332e-01,5.778066689523649047e-02,1.263486475315780608e-02,0.000000000000000000e+00,0.000000000000000000e+00,0.000000000000000000e+00,0.000000000000000000e+00,0.000000000000000000e+00,0.000000000000000000e+00,0.000000000000000000e+00,0.000000000000000000e+00,0.000000000000000000e+00,0.000000000000000000e+00,0.000000000000000000e+00,0.000000000000000000e+00,0.000000000000000000e+00,0.000000000000000000e+00,0.000000000000000000e+00,0.000000000000000000e+00,0.000000000000000000e+00,0.000000000000000000e+00,0.000000000000000000e+00,0.000000000000000000e+00,0.000000000000000000e+00,0.000000000000000000e+00,0.000000000000000000e+00,0.000000000000000000e+00,0.000000000000000000e+00,0.000000000000000000e+00,0.000000000000000000e+00,0.000000000000000000e+00
7.850887646423894921e+02,1.125041182315820834e+03,1.424580371434908102e+03,1.655080997068211900e+03,2.100607151365080426e+03,2.047878203374463055e+03,1.869030310071769463e+03,1.794640384775712391e+03,1.619261955677954575e+03,1.218651713696551951e+03,9.733180702410189724e+02,6.606335715714820935e+02,3.938151288666557548e+02,2.228418919801394225e+02,7.275415016452602401e+01,4.398622088551566556e+00,2.275967990386577322e-01,5.435372377910860364e-02,1.333309621199484270e-02,0.000000000000000000e+00,0.000000000000000000e+00,0.000000000000000000e+00,0.000000000000000000e+00,0.000000000000000000e+00,0.000000000000000000e+00,0.000000000000000000e+00,0.000000000000000000e+00,0.000000000000000000e+00,0.000000000000000000e+00,0.000000000000000000e+00,0.000000000000000000e+00,0.000000000000000000e+00,0.000000000000000000e+00,0.000000000000000000e+00,0.000000000000000000e+00,0.000000000000000000e+00,0.000000000000000000e+00,0.000000000000000000e+00,0.000000000000000000e+00,0.000000000000000000e+00,0.000000000000000000e+00,0.000000000000000000e+00,0.000000000000000000e+00,0.000000000000000000e+00,0.000000000000000000e+00,0.000000000000000000e+00,0.000000000000000000e+00
9.564769376562454681e+02,1.424580371434908102e+03,2.249011032400205750e+03,2.552239831242530272e+03,3.623545189344363280e+03,3.296632216056890684e+03,2.720765564634293696e+03,2.616458237722969898e+03,2.287928218645398374e+03,1.237997829789172329e+03,1.073087065252756020e+03,8.597638519797164918e+02,5.442039335015857660e+02,3.268559478578545736e+02,1.001539528625845037e+02,4.856698077119885326e+00,-2.066921542866858794e-02,5.801624370901960204e-02,1.716477771123764776e-02,0.000000000000000000e+00,0.000000000000000000e+00,0.000000000000000000e+00,0.000000000000000000e+00,0.000000000000000000e+00,0.000000000000000000e+00,0.000000000000000000e+00,0.000000000000000000e+00,0.000000000000000000e+00,0.000000000000000000e+00,0.000000000000000000e+00,0.000000000000000000e+00,0.000000000000000000e+00,0.000000000000000000e+00,0.000000000000000000e+00,0.000000000000000000e+00,0.000000000000000000e+00,0.000000000000000000e+00,0.000000000000000000e+00,0.000000000000000000e+00,0.000000000000000000e+00,0.000000000000000000e+00,0.000000000000000000e+00,0.000000000000000000e+00,0.000000000000000000e+00,0.000000000000000000e+00,0.000000000000000000e+00,0.000000000000000000e+00
1.019124840582010165e+03,1.655080997068212127e+03,2.552239831242529817e+03,3.913346859799488811e+03,4.350927785241422498e+03,3.865329803960322351e+03,3.227012883718898593e+03,3.008610822948776331e+03,2.831112661413043497e+03,1.423478730618906411e+03,1.213282575388459691e+03,9.710445560916364229e+02,6.343855168729684237e+02,3.930222486176620009e+02,1.784254714148493406e+02,2.062296854737548202e+01,6.247465019530648034e-01,1.809589018791096099e-02,6.871188841227117775e-03,0.000000000000000000e+00,0.000000000000000000e+00,0.000000000000000000e+00,0.000000000000000000e+00,0.000000000000000000e+00,0.000000000000000000e+00,0.000000000000000000e+00,0.000000000000000000e+00,0.000000000000000000e+00,0.000000000000000000e+00,0.000000000000000000e+00,0.000000000000000000e+00,0.000000000000000000e+00,0.000000000000000000e+00,0.000000000000000000e+00,0.000000000000000000e+00,0.000000000000000000e+00,0.000000000000000000e+00,0.000000000000000000e+00,0.000000000000000000e+00,0.000000000000000000e+00,0.000000000000000000e+00,0.000000000000000000e+00,0.000000000000000000e+00,0.000000000000000000e+00,0.000000000000000000e+00,0.000000000000000000e+00,0.000000000000000000e+00
1.360837413338995475e+03,2.100607151365080426e+03,3.623545189344363280e+03,4.350927785241423408e+03,6.895764582248406441e+03,5.743696022515178811e+03,4.153618881191661785e+03,4.021430955933388759e+03,3.457779847331632482e+03,8.280807054469022432e+02,1.017673282698056369e+03,1.204220024866748872e+03,8.315435362844942802e+02,5.360563867101722053e+02,1.646921763837182198e+02,8.033886228129945906e+00,-6.011552223597704803e-01,2.586870475868867716e-02,1.791048869292972273e-02,0.000000000000000000e+00,0.000000000000000000e+00,0.000000000000000000e+00,0.000000000000000000e+00,0.000000000000000000e+00,0.000000000000000000e+00,0.000000000000000000e+00,0.000000000000000000e+00,0.000000000000000000e+00,0.000000000000000000e+00,0.000000000000000000e+00,0.000000000000000000e+00,0.000000000000000000e+00,0.000000000000000000e+00,0.000000000000000000e+00,0.000000000000000000e+00,0.000000000000000000e+00,0.000000000000000000e+00,0.000000000000000000e+00,0.000000000000000000e+00,0.000000000000000000e+00,0.000000000000000000e+00,0.000000000000000000e+00,0.000000000000000000e+00,0.000000000000000000e+00,0.000000000000000000e+00,0.000000000000000000e+00,0.000000000000000000e+00
1.367942186123099873e+03,2.047878203374463055e+03,3.296632216056890684e+03,3.865329803960322351e+03,5.743696022515177901e+03,5.227918340345191609e+03,4.217799549845508409e+03,4.072664131350111347e+03,3.541236990708804569e+03,1.669186795063914815e+03,1.470388005885441999e+03,1.229889604443015514e+03,8.009160407873704344e+02,4.953690845751008283e+02,1.519116576237120739e+02,7.256185358262140284e+00,-2.865760218453460295e-01,5.046643259338259163e-02,2.016261719514140030e-02,0.000000000000000000e+00,0.000000000000000000e+00,0.000000000000000000e+00,0.000000000000000000e+00,0.000000000000000000e+00,0.000000000000000000e+00,0.000000000000000000e+00,0.000000000000000000e+00,0.000000000000000000e+00,0.000000000000000000e+00,0.000000000000000000e+00,0.000000000000000000e+00,0.000000000000000000e+00,0.000000000000000000e+00,0.000000000000000000e+00,0.000000000000000000e+00,0.000000000000000000e+00,0.000000000000000000e+00,0.000000000000000000e+00,0.000000000000000000e+00,0.000000000000000000e+00,0.000000000000000000e+00,0.000000000000000000e+00,0.000000000000000000e+00,0.000000000000000000e+00,0.000000000000000000e+00,0.000000000000000000e+00,0.000000000000000000e+00
1.302718365084227344e+03,1.869030310071769463e+03,2.720765564634294151e+03,3.227012883718898593e+03,4.153618881191661785e+03,4.217799549845508409e+03,4.085538864767314863e+03,3.936054390324003180e+03,3.467481687042267367e+03,2.572448977365618703e+03,1.940419711948639360e+03,1.190169944172821488e+03,7.187014933019378304e+02,4.222072435366756622e+02,1.345646188075171494e+02,7.361400648146749326e+00,1.543683298369652179e-01,7.058907083691194628e-02,1.939291122715195576e-02,0.000000000000000000e+00,0.000000000000000000e+00,0.000000000000000000e+00,0.000000000000000000e+00,0.000000000000000000e+00,0.000000000000000000e+00,0.000000000000000000e+00,0.000000000000000000e+00,0.000000000000000000e+00,0.000000000000000000e+00,0.000000000000000000e+00,0.000000000000000000e+00,0.000000000000000000e+00,0.000000000000000000e+00,0.000000000000000000e+00,0.000000000000000000e+00,0.000000000000000000e+00,0.000000000000000000e+00,0.000000000000000000e+00,0.000000000000000000e+00,0.000000000000000000e+00,0.000000000000000000e+00,0.000000000000000000e+00,0.000000000000000000e+00,0.000000000000000000e+00,0.000000000000000000e+00,0.000000000000000000e+00,0.000000000000000000e+00
1.260428266125106802e+03,1.794640384775712391e+03,2.616458237722970352e+03,3.008610822948776331e+03,4.021430955933388759e+03,4.072664131350111347e+03,3.936054390324003180e+03,3.895155961846411628e+03,3.396071487164626433e+03,2.491034751059788050e+03,1.878078987211122694e+03,1.142736520988524035e+03,6.906381397425694786e+02,4.088488803695905744e+02,1.249740838459866694e+02,5.865424604784088558e+00,3.853356057923513350e-02,6.786603834363538756e-02,1.875873024958645344e-02,0.000000000000000000e+00,0.000000000000000000e+00,0.000000000000000000e+00,0.000000000000000000e+00,0.000000000000000000e+00,0.000000000000000000e+00,0.000000000000000000e+00,0.000000000000000000e+00,0.000000000000000000e+00,0.000000000000000000e+00,0.000000000000000000e+00,0.000000000000000000e+00,0.000000000000000000e+00,0.000000000000000000e+00,0.000000000000000000e+00,0.000000000000000000e+00,0.000000000000000000e+00,0.000000000000000000e+00,0.000000000000000000e+00,0.000000000000000000e+00,0.000000000000000000e+00,0.000000000000000000e+00,0.000000000000000000e+00,0.000000000000000000e+00,0.000000000000000000e+00,0.000000000000000000e+00,0.000000000000000000e+00,0.000000000000000000e+00
1.124367256102714464e+03,1.619261955677954575e+03,2.287928218645398374e+03,2.831112661413043497e+03,3.457779847331632482e+03,3.541236990708804569e+03,3.467481687042267367e+03,3.396071487164626433e+03,3.085949425964068723e+03,2.314788883180556240e+03,1.722128479886093373e+03,1.053911934925477681e+03,6.408621846586351012e+02,3.815112339220721083e+02,1.341245070748395847e+02,1.022227776795573462e+01,3.353996430245707039e-01,6.802148916535881440e-02,1.560919666266905037e-02,0.000000000000000000e+00,0.000000000000000000e+00,0.000000000000000000e+00,0.000000000000000000e+00,0.000000000000000000e+00,0.000000000000000000e+00,0.000000000000000000e+00,0.000000000000000000e+00,0.000000000000000000e+00,0.000000000000000000e+00,0.000000000000000000e+00,0.000000000000000000e+00,0.000000000000000000e+00,0.000000000000000000e+00,0.000000000000000000e+00,0.000000000000000000e+00,0.000000000000000000e+00,0.000000000000000000e+00,0.000000000000000000e+00,0.000000000000000000e+00,0.000000000000000000e+00,0.000000000000000000e+00,0.000000000000000000e+00,0.000000000000000000e+00,0.000000000000000000e+00,0.000000000000000000e+00,0.000000000000000000e+00,0.000000000000000000e+00
9.963931319918630152e+02,1.218651713696552179e+03,1.237997829789172329e+03,1.423478730618906638e+03,8.280807054469022432e+02,1.669186795063914587e+03,2.572448977365618248e+03,2.491034751059788050e+03,2.314788883180556240e+03,3.415810078153627728e+03,2.361050427427414434e+03,9.284702013625590098e+02,4.303296351819604979e+02,1.834418237256832924e+02,4.950163335401872189e+01,-5.983194345369826639e-01,7.052022196691779543e-01,1.127649744223863382e-01,2.307379056119707519e-02,0.000000000000000000e+00,0.000000000000000000e+00,0.000000000000000000e+00,0.000000000000000000e+00,0.000000000000000000e+00,0.000000000000000000e+00,0.000000000000000000e+00,0.000000000000000000e+00,0.000000000000000000e+00,0.000000000000000000e+00,0.000000000000000000e+00,0.000000000000000000e+00,0.000000000000000000e+00,0.000000000000000000e+00,0.000000000000000000e+00,0.000000000000000000e+00,0.000000000000000000e+00,0.000000000000000000e+00,0.000000000000000000e+00,0.000000000000000000e+00,0.000000000000000000e+00,0.000000000000000000e+00,0.000000000000000000e+00,0.000000000000000000e+00,0.000000000000000000e+00,0.000000000000000000e+00,0.000000000000000000e+00,0.000000000000000000e+00
7.870648957857750929e+02,9.733180702410189724e+02,1.073087065252756020e+03,1.213282575388459691e+03,1.017673282698056369e+03,1.470388005885442226e+03,1.940419711948639360e+03,1.878078987211122467e+03,1.722128479886093373e+03,2.361050427427414888e+03,1.731373744244343015e+03,7.255338768299289995e+02,3.473744766752215583e+02,1.561793508451691253e+02,4.009159759239525300e+01,-1.034497191127636162e+00,4.253460984685963342e-01,8.403121369203724045e-02,1.875082703810639767e-02,0.000000000000000000e+00,0.000000000000000000e+00,0.000000000000000000e+00,0.000000000000000000e+00,0.000000000000000000e+00,0.000000000000000000e+00,0.000000000000000000e+00,0.000000000000000000e+00,0.000000000000000000e+00,0.000000000000000000e+00,0.000000000000000000e+00,0.000000000000000000e+00,0.000000000000000000e+00,0.000000000000000000e+00,0.000000000000000000e+00,0.000000000000000000e+00,0.000000000000000000e+00,0.000000000000000000e+00,0.000000000000000000e+00,0.000000000000000000e+00,0.000000000000000000e+00,0.000000000000000000e+00,0.000000000000000000e+00,0.000000000000000000e+00,0.000000000000000000e+00,0.000000000000000000e+00,0.000000000000000000e+00,0.000000000000000000e+00
5.165596183613012045e+02,6.606335715714819798e+02,8.597638519797164918e+02,9.710445560916364229e+02,1.204220024866748872e+03,1.229889604443015287e+03,1.190169944172821488e+03,1.142736520988524035e+03,1.053911934925477908e+03,9.284702013625590098e+02,7.255338768299288859e+02,6.441271243209102977e+02,3.970246343945680110e+02,2.176158672998455756e+02,7.436850739693535672e+01,7.019883948354374681e+00,6.508018135379952662e-01,1.078092548429218228e-01,1.843883336425737596e-02,0.000000000000000000e+00,0.000000000000000000e+00,0.000000000000000000e+00,0.000000000000000000e+00,0.000000000000000000e+00,0.000000000000000000e+00,0.000000000000000000e+00,0.000000000000000000e+00,0.000000000000000000e+00,0.000000000000000000e+00,0.000000000000000000e+00,0.000000000000000000e+00,0.000000000000000000e+00,0.000000000000000000e+00,0.000000000000000000e+00,0.000000000000000000e+00,0.000000000000000000e+00,0.000000000000000000e+00,0.000000000000000000e+00,0.000000000000000000e+00,0.000000000000000000e+00,0.000000000000000000e+00,0.000000000000000000e+00,0.000000000000000000e+00,0.000000000000000000e+00,0.000000000000000000e+00,0.000000000000000000e+00,0.000000000000000000e+00
2.967135636439210771e+02,3.938151288666558116e+02,5.442039335015857660e+02,6.343855168729684237e+02,8.315435362844942802e+02,8.009160407873704344e+02,7.187014933019378304e+02,6.906381397425694786e+02,6.408621846586351012e+02,4.303296351819605547e+02,3.473744766752215583e+02,3.970246343945680110e+02,2.703309799730923828e+02,1.609567358882473513e+02,6.072119515704294912e+01,7.168057664496407355e+00,4.926720846661016284e-01,7.328573837053918572e-02,1.124725798790237111e-02,0.000000000000000000e+00,0.000000000000000000e+00,0.000000000000000000e+00,0.000000000000000000e+00,0.000000000000000000e+00,0.000000000000000000e+00,0.000000000000000000e+00,0.000000000000000000e+00,0.000000000000000000e+00,0.000000000000000000e+00,0.000000000000000000e+00,0.000000000000000000e+00,0.000000000000000000e+00,0.000000000000000000e+00,0.000000000000000000e+00,0.000000000000000000e+00,0.000000000000000000e+00,0.000000000000000000e+00,0.000000000000000000e+00,0.000000000000000000e+00,0.000000000000000000e+00,0.000000000000000000e+00,0.000000000000000000e+00,0.000000000000000000e+00,0.000000000000000000e+00,0.000000000000000000e+00,0.000000000000000000e+00,0.000000000000000000e+00
1.609372868168291859e+02,2.228418919801393940e+02,3.268559478578545168e+02,3.930222486176620009e+02,5.360563867101722053e+02,4.953690845751008283e+02,4.222072435366756622e+02,4.088488803695905744e+02,3.815112339220721083e+02,1.834418237256833208e+02,1.561793508451691253e+02,2.176158672998455756e+02,1.609567358882473513e+02,1.075496163426251712e+02,4.473403220436313887e+01,5.898311489676271613e+00,3.176719243188066422e-01,4.395828662208822735e-02,5.878700719554617003e-03,0.000000000000000000e+00,0.000000000000000000e+00,0.000000000000000000e+00,0.000000000000000000e+00,0.000000000000000000e+00,0.000000000000000000e+00,0.000000000000000000e+00,0.000000000000000000e+00,0.000000000000000000e+00,0.000000000000000000e+00,0.000000000000000000e+00,0.000000000000000000e+00,0.000000000000000000e+00,0.000000000000000000e+00,0.000000000000000000e+00,0.000000000000000000e+00,0.000000000000000000e+00,0.000000000000000000e+00,0.000000000000000000e+00,0.000000000000000000e+00,0.000000000000000000e+00,0.000000000000000000e+00,0.000000000000000000e+00,0.000000000000000000e+00,0.000000000000000000e+00,0.000000000000000000e+00,0.000000000000000000e+00,0.000000000000000000e+00
4.374368238006864118e+01,7.275415016452602401e+01,1.001539528625845037e+02,1.784254714148493690e+02,1.646921763837182198e+02,1.519116576237120739e+02,1.345646188075171494e+02,1.249740838459866694e+02,1.341245070748395847e+02,4.950163335401872189e+01,4.009159759239526011e+01,7.436850739693537093e+01,6.072119515704294912e+01,4.473403220436313887e+01,2.512961876300796860e+01,4.156790901996457066e+00,2.096113554948279001e-01,1.783399413909102921e-02,1.489724374014117199e-03,0.000000000000000000e+00,0.000000000000000000e+00,0.000000000000000000e+00,0.000000000000000000e+00,0.000000000000000000e+00,0.000000000000000000e+00,0.000000000000000000e+00,0.000000000000000000e+00,0.000000000000000000e+00,0.000000000000000000e+00,0.000000000000000000e+00,0.000000000000000000e+00,0.000000000000000000e+00,0.000000000000000000e+00,0.000000000000000000e+00,0.000000000000000000e+00,0.000000000000000000e+00,0.000000000000000000e+00,0.000000000000000000e+00,0.000000000000000000e+00,0.000000000000000000e+00,0.000000000000000000e+00,0.000000000000000000e+00,0.000000000000000000e+00,0.000000000000000000e+00,0.000000000000000000e+00,0.000000000000000000e+00,0.000000000000000000e+00
1.054011825433957217e+00,4.398622088551566556e+00,4.856698077119885326e+00,2.062296854737548202e+01,8.033886228129945906e+00,7.256185358262140284e+00,7.361400648146749326e+00,5.865424604784088558e+00,1.022227776795573462e+01,-5.983194345369826639e-01,-1.034497191127636162e+00,7.019883948354374681e+00,7.168057664496407355e+00,5.898311489676271613e+00,4.156790901996457066e+00,8.612179676849192056e-01,4.501694666062278083e-02,2.883068845136321084e-03,1.102251413060997381e-04,0.000000000000000000e+00,0.000000000000000000e+00,0.000000000000000000e+00,0.000000000000000000e+00,0.000000000000000000e+00,0.000000000000000000e+00,0.000000000000000000e+00,0.000000000000000000e+00,0.000000000000000000e+00,0.000000000000000000e+00,0.000000000000000000e+00,0.000000000000000000e+00,0.000000000000000000e+00,0.000000000000000000e+00,0.000000000000000000e+00,0.000000000000000000e+00,0.000000000000000000e+00,0.000000000000000000e+00,0.000000000000000000e+00,0.000000000000000000e+00,0.000000000000000000e+00,0.000000000000000000e+00,0.000000000000000000e+00,0.000000000000000000e+00,0.000000000000000000e+00,0.000000000000000000e+00,0.000000000000000000e+00,0.000000000000000000e+00
1.660413754941582332e-01,2.275967990386577322e-01,-2.066921542866858794e-02,6.247465019530648034e-01,-6.011552223597704803e-01,-2.865760218453460295e-01,1.543683298369652179e-01,3.853356057923513350e-02,3.353996430245707039e-01,7.052022196691779543e-01,4.253460984685963342e-01,6.508018135379952662e-01,4.926720846661016284e-01,3.176719243188066422e-01,2.096113554948279001e-01,4.501694666062278083e-02,4.073026773333961528e-03,3.628887561139430623e-04,3.462190780894303484e-05,0.000000000000000000e+00,0.000000000000000000e+00,0.000000000000000000e+00,0.000000000000000000e+00,0.000000000000000000e+00,0.000000000000000000e+00,0.000000000000000000e+00,0.000000000000000000e+00,0.000000000000000000e+00,0.000000000000000000e+00,0.000000000000000000e+00,0.000000000000000000e+00,0.000000000000000000e+00,0.000000000000000000e+00,0.000000000000000000e+00,0.000000000000000000e+00,0.000000000000000000e+00,0.000000000000000000e+00,0.000000000000000000e+00,0.000000000000000000e+00,0.000000000000000000e+00,0.000000000000000000e+00,0.000000000000000000e+00,0.000000000000000000e+00,0.000000000000000000e+00,0.000000000000000000e+00,0.000000000000000000e+00,0.000000000000000000e+00
5.778066689523649047e-02,5.435372377910860364e-02,5.801624370901960204e-02,1.809589018791096099e-02,2.586870475868867716e-02,5.046643259338259163e-02,7.058907083691194628e-02,6.786603834363538756e-02,6.802148916535881440e-02,1.127649744223863382e-01,8.403121369203724045e-02,1.078092548429218228e-01,7.328573837053918572e-02,4.395828662208822735e-02,1.783399413909102921e-02,2.883068845136321084e-03,3.628887561139430623e-04,7.400420662848152832e-05,8.276735983826071923e-06,0.000000000000000000e+00,0.000000000000000000e+00,0.000000000000000000e+00,0.000000000000000000e+00,0.000000000000000000e+00,0.000000000000000000e+00,0.000000000000000000e+00,0.000000000000000000e+00,0.000000000000000000e+00,0.000000000000000000e+00,0.000000000000000000e+00,0.000000000000000000e+00,0.000000000000000000e+00,0.000000000000000000e+00,0.000000000000000000e+00,0.000000000000000000e+00,0.000000000000000000e+00,0.000000000000000000e+00,0.000000000000000000e+00,0.000000000000000000e+00,0.000000000000000000e+00,0.000000000000000000e+00,0.000000000000000000e+00,0.000000000000000000e+00,0.000000000000000000e+00,0.000000000000000000e+00,0.000000000000000000e+00,0.000000000000000000e+00
1.263486475315780608e-02,1.333309621199484270e-02,1.716477771123764776e-02,6.871188841227117775e-03,1.791048869292972273e-02,2.016261719514140030e-02,1.939291122715195576e-02,1.875873024958645344e-02,1.560919666266905037e-02,2.307379056119707519e-02,1.875082703810639767e-02,1.843883336425737596e-02,1.124725798790237111e-02,5.878700719554617003e-03,1.489724374014117199e-03,1.102251413060997381e-04,3.462190780894303484e-05,8.276735983826071923e-06,8.605254188939280609e-06,0.000000000000000000e+00,0.000000000000000000e+00,0.000000000000000000e+00,0.000000000000000000e+00,0.000000000000000000e+00,0.000000000000000000e+00,0.000000000000000000e+00,0.000000000000000000e+00,0.000000000000000000e+00,0.000000000000000000e+00,0.000000000000000000e+00,0.000000000000000000e+00,0.000000000000000000e+00,0.000000000000000000e+00,0.000000000000000000e+00,0.000000000000000000e+00,0.000000000000000000e+00,0.000000000000000000e+00,0.000000000000000000e+00,0.000000000000000000e+00,0.000000000000000000e+00,0.000000000000000000e+00,0.000000000000000000e+00,0.000000000000000000e+00,0.000000000000000000e+00,0.000000000000000000e+00,0.000000000000000000e+00,0.000000000000000000e+00
0.000000000000000000e+00,0.000000000000000000e+00,0.000000000000000000e+00,0.000000000000000000e+00,0.000000000000000000e+00,0.000000000000000000e+00,0.000000000000000000e+00,0.000000000000000000e+00,0.000000000000000000e+00,0.000000000000000000e+00,0.000000000000000000e+00,0.000000000000000000e+00,0.000000000000000000e+00,0.000000000000000000e+00,0.000000000000000000e+00,0.000000000000000000e+00,0.000000000000000000e+00,0.000000000000000000e+00,0.000000000000000000e+00,2.805748275217773369e+01,4.570659988293564169e+01,5.123026485827249132e+01,4.749620087223960496e+01,4.342301299999964215e+01,3.972312704158120056e+01,3.005544621331801380e+01,2.101060074008165657e+01,7.985946183862577819e+00,-1.628341604066596915e+01,-1.724940777806873982e+01,-9.880987360959270660e+00,-4.224780431725053909e+00,-7.048347918441820736e-01,5.063853758109843062e-02,0.000000000000000000e+00,0.000000000000000000e+00,0.000000000000000000e+00,0.000000000000000000e+00,0.000000000000000000e+00,0.000000000000000000e+00,0.000000000000000000e+00,0.000000000000000000e+00,0.000000000000000000e+00,0.000000000000000000e+00,0.000000000000000000e+00,0.000000000000000000e+00,0.000000000000000000e+00
0.000000000000000000e+00,0.000000000000000000e+00,0.000000000000000000e+00,0.000000000000000000e+00,0.000000000000000000e+00,0.000000000000000000e+00,0.000000000000000000e+00,0.000000000000000000e+00,0.000000000000000000e+00,0.000000000000000000e+00,0.000000000000000000e+00,0.000000000000000000e+00,0.000000000000000000e+00,0.000000000000000000e+00,0.000000000000000000e+00,0.000000000000000000e+00,0.000000000000000000e+00,0.000000000000000000e+00,0.000000000000000000e+00,4.570659988293564169e+01,8.285330056205658877e+01,9.400704920424743705e+01,8.788799643984833665e+01,8.002593614667257782e+01,7.312884176383394674e+01,5.599157547950998293e+01,4.044870238121905004e+01,1.721654323240897710e+01,-2.714809358803554318e+01,-2.952270247535401282e+01,-1.677283207730304326e+01,-7.017140329335889604e+00,-1.036271587896402391e+00,1.827238453825270059e-01,0.000000000000000000e+00,0.000000000000000000e+00,0.000000000000000000e+00,0.000000000000000000e+00,0.000000000000000000e+00,0.000000000000000000e+00,0.000000000000000000e+00,0.000000000000000000e+00,0.000000000000000000e+00,0.000000000000000000e+00,0.000000000000000000e+00,0.000000000000000000e+00,0.000000000000000000e+00
0.000000000000000000e+00,0.000000000000000000e+00,0.000000000000000000e+00,0.000000000000000000e+00,0.000000000000000000e+00,0.000000000000000000e+00,0.000000000000000000e+00,0.000000000000000000e+00,0.000000000000000000e+00,0.000000000000000000e+00,0.000000000000000000e+00,0.000000000000000000e+00,0.000000000000000000e+00,0.000000000000000000e+00,0.000000000000000000e+00,0.000000000000000000e+00,0.000000000000000000e+00,0.000000000000000000e+00,0.000000000000000000e+00,5.123026485827249132e+01,9.400704920424743705e+01,1.113575795650474447e+02,1.067019825138435749e+02,9.827138536132748925e+01,9.055145962089095235e+01,7.175536841437653379e+01,5.380354367322715348e+01,2.749011098982643375e+01,-2.234958710242075242e+01,-2.781709720429733323e+01,-1.595799394461471543e+01,-6.441731790150987180e+00,-7.236281370405448499e-01,3.473230692911588036e-01,0.000000000000000000e+00,0.000000000000000000e+00,0.000000000000000000e+00,0.000000000000000000e+00,0.000000000000000000e+00,0.000000000000000000e+00,0.000000000000000000e+00,0.000000000000000000e+00,0.000000000000000000e+00,0.000000000000000000e+00,0.000000000000000000e+00,0.000000000000000000e+00,0.000000000000000000e+00
0.000000000000000000e+00,0.000000000000000000e+00,0.000000000000000000e+00,0.000000000000000000e+00,0.000000000000000000e+00,0.000000000000000000e+00,0.000000000000000000e+00,0.000000000000000000e+00,0.000000000000000000e+00,0.000000000000000000e+00,0.000000000000000000e+00,0.000000000000000000e+00,0.000000000000000000e+00,0.000000000000000000e+00,0.000000000000000000e+00,0.000000000000000000e+00,0.000000000000000000e+00,0.000000000000000000e+00,0.000000000000000000e+00,4.749620087223960496e+01,8.788799643984833665e+01,1.067019825138435749e+02,1.089444762476311581e+02,1.018706322328336000e+02,9.480466678693223059e+01,7.895522547460053886e+01,6.211381929384272382e+01,3.811373209716951749e+01,-6.644470113469980177e+00,-1.629586303729348273e+01,-9.754150116932128967e+00,-3.536118885310300275e+00,1.801328057176849670e-02,5.143832653510767017e-01,0.000000000000000000e+00,0.000000000000000000e+00,0.000000000000000000e+00,0.000000000000000000e+00,0.000000000000000000e+00,0.000000000000000000e+00,0.000000000000000000e+00,0.000000000000000000e+00,0.000000000000000000e+00,0.000000000000000000e+00,0.000000000000000000e+00,0.000000000000000000e+00,0.000000000000000000e+00
0.000000000000000000e+00,0.000000000000000000e+00,0.000000000000000000e+00,0.000000000000000000e+00,0.000000000000000000e+00,0.000000000000000000e+00,0.000000000000000000e+00,0.000000000000000000e+00,0.000000000000000000e+00,0.000000000000000000e+00,0.000000000000000000e+00,0.000000000000000000e+00,0.000000000000000000e+00,0.000000000000000000e+00,0.000000000000000000e+00,0.000000000000000000e+00,0.000000000000000000e+00,0.000000000000000000e+00,0.000000000000000000e+00,4.342301299999964215e+01,8.002593614667257782e+01,9.827138536132748925e+01,1.018706322328336000e+02,9.857280903417682794e+01,9.241678032190347380e+01,7.906843210372015562e+01,6.385446400067320383e+01,4.214599312569060174e+01,1.618232066053084672e+00,-9.931590682261068892e+00,-6.409910443373628475e+00,-2.066544741127375850e+00,3.282974112204178341e-01,5.498092160117900029e-01,0.000000000000000000e+00,0.000000000000000000e+00,0.000000000000000000e+00,0.000000000000000000e+00,0.000000000000000000e+00,0.000000000000000000e+00,0.000000000000000000e+00,0.000000000000000000e+00,0.000000000000000000e+00,0.000000000000000000e+00,0.000000000000000000e+00,0.000000000000000000e+00,0.000000000000000000e+00
0.000000000000000000e+00,0.000000000000000000e+00,0.000000000000000000e+00,0.000000000000000000e+00,0.000000000000000000e+00,0.000000000000000000e+00,0.000000000000000000e+00,0.000000000000000000e+00,0.000000000000000000e+00,0.000000000000000000e+00,0.000000000000000000e+00,0.000000000000000000e+00,0.000000000000000000e+00,0.000000000000000000e+00,0.000000000000000000e+00,0.000000000000000000e+00,0.000000000000000000e+00,0.000000000000000000e+00,0.000000000000000000e+00,3.972312704158120056e+01,7.312884176383394674e+01,9.055145962089095235e+01,9.480466678693223059e+01,9.241678032190347380e+01,8.978925241863936435e+01,7.838902348670332287e+01,6.454764678287858715e+01,4.475293357188618870e+01,7.171760459143081690e+00,-5.665369383299568184e+00,-4.228260510597780630e+00,-1.140033259232537288e+00,4.924821078513877959e-01,5.529856184643888728e-01,0.000000000000000000e+00,0.000000000000000000e+00,0.000000000000000000e+00,0.000000000000000000e+00,0.000000000000000000e+00,0.000000000000000000e+00,0.000000000000000000e+00,0.000000000000000000e+00,0.000000000000000000e+00,0.000000000000000000e+00,0.000000000000000000e+00,0.000000000000000000e+00,0.000000000000000000e+00
0.000000000000000000e+00,0.000000000000000000e+00,0.000000000000000000e+00,0.000000000000000000e+00,0.000000000000000000e+00,0.000000000000000000e+00,0.000000000000000000e+00,0.000000000000000000e+00,0.000000000000000000e+00,0.000000000000000000e+00,0.000000000000000000e+00,0.000000000000000000e+00,0.000000000000000000e+00,0.000000000000000000e+00,0.000000000000000000e+00,0.000000000000000000e+00,0.000000000000000000e+00,0.000000000000000000e+00,0.000000000000000000e+00,3.005544621331801380e+01,5.599157547950998293e+01,7.175536841437653379e+01,7.895522547460053886e+01,7.906843210372015562e+01,7.838902348670332287e+01,7.338998371813238464e+01,6.321896055086033783e+01,4.847063253158932383e+01,2.043611960745942824e+01,5.472573544789193889e+00,1.756352916942851339e+00,1.472626501524275655e+00,1.011564056028664282e+00,5.861610598137916295e-01,0.000000000000000000e+00,0.000000000000000000e+00,0.000000000000000000e+00,0.000000000000000000e+00,0.000000000000000000e+00,0.000000000000000000e+00,0.000000000000000000e+00,0.000000000000000000e+00,0.000000000000000000e+00,0.000000000000000000e+00,0.000000000000000000e+00,0.000000000000000000e+00,0.000000000000000000e+00
0.000000000000000000e+00,0.000000000000000000e+00,0.000000000000000000e+00,0.000000000000000000e+00,0.000000000000000000e+00,0.000000000000000000e+00,0.000000000000000000e+00,0.000000000000000000e+00,0.000000000000000000e+00,0.000000000000000000e+00,0.000000000000000000e+00,0.000000000000000000e+00,0.000000000000000000e+00,0.000000000000000000e+00,0.000000000000000000e+00,0.000000000000000000e+00,0.000000000000000000e+00,0.000000000000000000e+00,0.000000000000000000e+00,2.101060074008165657e+01,4.044870238121905004e+01,5.380354367322715348e+01,6.211381929384272382e+01,6.385446400067320383e+01,6.454764678287858715e+01,6.321896055086033783e+01,5.752858804544597149e+01,4.734119438309668482e+01,2.737805607929509577e+01,1.224100575873111829e+01,5.496915802888350022e+00,3.058526358766363806e+00,1.271671462623774396e+00,5.599658211651412643e-01,0.000000000000000000e+00,0.000000000000000000e+00,0.000000000000000000e+00,0.000000000000000000e+00,0.000000000000000000e+00,0.000000000000000000e+00,0.000000000000000000e+00,0.000000000000000000e+00,0.000000000000000000e+00,0.000000000000000000e+00,0.000000000000000000e+00,0.000000000000000000e+00,0.000000000000000000e+00
0.000000000000000000e+00,0.000000000000000000e+00,0.000000000000000000e+00,0.000000000000000000e+00,0.000000000000000000e+00,0.000000000000000000e+00,0.000000000000000000e+00,0.000000000000000000e+00,0.000000000000000000e+00,0.000000000000000000e+00,0.000000000000000000e+00,0.000000000000000000e+00,0.000000000000000000e+00,0.000000000000000000e+00,0.000000000000000000e+00,0.000000000000000000e+00,0.000000000000000000e+00,0.000000000000000000e+00,0.000000000000000000e+00,7.985946183862577819e+00,1.721654323240897710e+01,2.749011098982643375e+01,3.811373209716951749e+01,4.214599312569060174e+01,4.475293357188618870e+01,4.847063253158932383e+01,4.734119438309668482e+01,4.494410356693320807e+01,3.836312019410075180e+01,2.299128367682861906e+01,1.147668633327583620e+01,5.633129520759704079e+00,1.723143072506434503e+00,5.400133374077688009e-01,0.000000000000000000e+00,0.000000000000000000e+00,0.000000000000000000e+00,0.000000000000000000e+00,0.000000000000000000e+00,0.000000000000000000e+00,0.000000000000000000e+00,0.000000000000000000e+00,0.000000000000000000e+00,0.000000000000000000e+00,0.000000000000000000e+00,0.000000000000000000e+00,0.000000000000000000e+00
0.000000000000000000e+00,0.000000000000000000e+00,0.000000000000000000e+00,0.000000000000000000e+00,0.000000000000000000e+00,0.000000000000000000e+00,0.000000000000000000e+00,0.000000000000000000e+00,0.000000000000000000e+00,0.000000000000000000e+00,0.000000000000000000e+00,0.000000000000000000e+00,0.000000000000000000e+00,0.000000000000000000e+00,0.000000000000000000e+00,0.000000000000000000e+00,0.000000000000000000e+00,0.000000000000000000e+00,0.000000000000000000e+00,-1.628341604066596915e+01,-2.714809358803554318e+01,-2.234958710242075242e+01,-6.644470113469980177e+00,1.618232066053084672e+00,7.171760459143081690e+00,2.043611960745942824e+01,2.737805607929509577e+01,3.836312019410075180e+01,5.883321434691068674e+01,4.359441905451096488e+01,2.305752508629157305e+01,1.063061975004253945e+01,2.612802011045495920e+00,5.144099311898567839e-01,0.000000000000000000e+00,0.000000000000000000e+00,0.000000000000000000e+00,0.000000000000000000e+00,0.000000000000000000e+00,0.000000000000000000e+00,0.000000000000000000e+00,0.000000000000000000e+00,0.000000000000000000e+00,0.000000000000000000e+00,0.000000000000000000e+00,0.000000000000000000e+00,0.000000000000000000e+00
0.000000000000000000e+00,0.000000000000000000e+00,0.000000000000000000e+00,0.000000000000000000e+00,0.000000000000000000e+00,0.000000000000000000e+00,0.000000000000000000e+00,0.000000000000000000e+00,0.000000000000000000e+00,0.000000000000000000e+00,0.000000000000000000e+00,0.000000000000000000e+00,0.000000000000000000e+00,0.000000000000000000e+00,0.000000000000000000e+00,0.000000000000000000e+00,0.000000000000000000e+00,0.000000000000000000e+00,0.000000000000000000e+00,-1.724940777806873982e+01,-2.952270247535401282e+01,-2.781709720429733323e+01,-1.629586303729348273e+01,-9.931590682261068892e+00,-5.665369383299568184e+00,5.472573544789193889e+00,1.224100575873111829e+01,2.299128367682861906e+01,4.359441905451096488e+01,3.415346584542938047e+01,1.826968250685434114e+01,8.320692139514777708e+00,1.975670281344460211e+00,3.323719187968589006e-01,0.000000000000000000e+00,0.000000000000000000e+00,0.000000000000000000e+00,0.000000000000000000e+00,0.000000000000000000e+00,0.000000000000000000e+00,0.000000000000000000e+00,0.000000000000000000e+00,0.000000000000000000e+00,0.000000000000000000e+00,0.000000000000000000e+00,0.000000000000000000e+00,0.000000000000000000e+00
0.000000000000000000e+00,0.000000000000000000e+00,0.000000000000000000e+00,0.000000000000000000e+00,0.000000000000000000e+00,0.000000000000000000e+00,0.000000000000000000e+00,0.000000000000000000e+00,0.000000000000000000e+00,0.000000000000000000e+00,0.000000000000000000e+00,0.000000000000000000e+00,0.000000000000000000e+00,0.000000000000000000e+00,0.000000000000000000e+00,0.000000000000000000e+00,0.000000000000000000e+00,0.000000000000000000e+00,0.000000000000000000e+00,-9.880987360959270660e+00,-1.677283207730304326e+01,-1.595799394461471543e+01,-9.754150116932128967e+00,-6.409910443373628475e+00,-4.228260510597780630e+00,1.756352916942851339e+00,5.496915802888350022e+00,1.147668633327583620e+01,2.305752508629157305e+01,1.826968250685434114e+01,9.879030008507731608e+00,4.499166553146868530e+00,1.061248546524581338e+00,1.764467639724932035e-01,0.000000000000000000e+00,0.000000000000000000e+00,0.000000000000000000e+00,0.000000000000000000e+00,0.000000000000000000e+00,0.000000000000000000e+00,0.000000000000000000e+00,0.000000000000000000e+00,0.000000000000000000e+00,0.000000000000000000e+00,0.000000000000000000e+00,0.000000000000000000e+00,0.000000000000000000e+00
0.000000000000000000e+00,0.000000000000000000e+00,0.000000000000000000e+00,0.000000000000000000e+00,0.000000000000000000e+00,0.000000000000000000e+00,0.000000000000000000e+00,0.000000000000000000e+00,0.000000000000000000e+00,0.000000000000000000e+00,0.000000000000000000e+00,0.000000000000000000e+00,0.000000000000000000e+00,0.000000000000000000e+00,0.000000000000000000e+00,0.000000000000000000e+00,0.000000000000000000e+00,0.000000000000000000e+00,0.000000000000000000e+00,-4.224780431725053909e+00,-7.017140329335889604e+00,-6.441731790150987180e+00,-3.536118885310300275e+00,-2.066544741127375850e+00,-1.140033259232537288e+00,1.472626501524275655e+00,3.058526358766363806e+00,5.633129520759704079e+00,1.063061975004253945e+01,8.320692139514777708e+00,4.499166553146868530e+00,2.077749038742890075e+00,4.984514531899392198e-01,8.888281423428844030e-02,0.000000000000000000e+00,0.000000000000000000e+00,0.000000000000000000e+00,0.000000000000000000e+00,0.000000000000000000e+00,0.000000000000000000e+00,0.000000000000000000e+00,0.000000000000000000e+00,0.000000000000000000e+00,0.000000000000000000e+00,0.000000000000000000e+00,0.000000000000000000e+00,0.000000000000000000e+00
0.000000000000000000e+00,0.000000000000000000e+00,0.000000000000000000e+00,0.000000000000000000e+00,0.000000000000000000e+00,0.000000000000000000e+00,0.000000000000000000e+00,0.000000000000000000e+00,0.000000000000000000e+00,0.000000000000000000e+00,0.000000000000000000e+00,0.000000000000000000e+00,0.000000000000000000e+00,0.000000000000000000e+00,0.000000000000000000e+00,0.000000000000000000e+00,0.000000000000000000e+00,0.000000000000000000e+00,0.000000000000000000e+00,-7.048347918441820736e-01,-1.036271587896402391e+00,-7.236281370405448499e-01,1.801328057176849670e-02,3.282974112204178341e-01,4.924821078513877959e-01,1.011564056028664282e+00,1.271671462623774396e+00,1.723143072506434503e+00,2.612802011045495920e+00,1.975670281344460211e+00,1.061248546524581338e+00,4.984514531899392198e-01,1.322484367898179303e-01,2.846081027179708095e-02,0.000000000000000000e+00,0.000000000000000000e+00,0.000000000000000000e+00,0.000000000000000000e+00,0.000000000000000000e+00,0.000000000000000000e+00,0.000000000000000000e+00,0.000000000000000000e+00,0.000000000000000000e+00,0.000000000000000000e+00,0.000000000000000000e+00,0.000000000000000000e+00,0.000000000000000000e+00
0.000000000000000000e+00,0.000000000000000000e+00,0.000000000000000000e+00,0.000000000000000000e+00,0.000000000000000000e+00,0.000000000000000000e+00,0.000000000000000000e+00,0.000000000000000000e+00,0.000000000000000000e+00,0.000000000000000000e+00,0.000000000000000000e+00,0.000000000000000000e+00,0.000000000000000000e+00,0.000000000000000000e+00,0.000000000000000000e+00,0.000000000000000000e+00,0.000000000000000000e+00,0.000000000000000000e+00,0.000000000000000000e+00,5.063853758109843062e-02,1.827238453825270059e-01,3.473230692911588036e-01,5.143832653510767017e-01,5.498092160117900029e-01,5.529856184643888728e-01,5.861610598137916295e-01,5.599658211651412643e-01,5.400133374077688009e-01,5.144099311898567839e-01,3.323719187968589006e-01,1.764467639724932035e-01,8.888281423428844030e-02,2.846081027179708095e-02,1.067556980979024635e-02,0.000000000000000000e+00,0.000000000000000000e+00,0.000000000000000000e+00,0.000000000000000000e+00,0.000000000000000000e+00,0.000000000000000000e+00,0.000000000000000000e+00,0.000000000000000000e+00,0.000000000000000000e+00,0.000000000000000000e+00,0.000000000000000000e+00,0.000000000000000000e+00,0.000000000000000000e+00
0.000000000000000000e+00,0.000000000000000000e+00,0.000000000000000000e+00,0.000000000000000000e+00,0.000000000000000000e+00,0.000000000000000000e+00,0.000000000000000000e+00,0.000000000000000000e+00,0.000000000000000000e+00,0.000000000000000000e+00,0.000000000000000000e+00,0.000000000000000000e+00,0.000000000000000000e+00,0.000000000000000000e+00,0.000000000000000000e+00,0.000000000000000000e+00,0.000000000000000000e+00,0.000000000000000000e+00,0.000000000000000000e+00,0.000000000000000000e+00,0.000000000000000000e+00,0.000000000000000000e+00,0.000000000000000000e+00,0.000000000000000000e+00,0.000000000000000000e+00,0.000000000000000000e+00,0.000000000000000000e+00,0.000000000000000000e+00,0.000000000000000000e+00,0.000000000000000000e+00,0.000000000000000000e+00,0.000000000000000000e+00,0.000000000000000000e+00,0.000000000000000000e+00,4.746132795637540980e+00,1.647043756648581336e+01,4.070247059939777756e+01,6.670266741067608507e+01,8.548503012798471445e+01,9.439710920369138591e+01,9.579691529211062573e+01,1.159679252156011131e+02,1.011313088002774805e+02,2.767374650477866282e+01,-7.220000222703363946e+00,-9.447533813891855203e+00,-7.019738498791269210e-01
0.000000000000000000e+00,0.000000000000000000e+00,0.000000000000000000e+00,0.000000000000000000e+00,0.000000000000000000e+00,0.000000000000000000e+00,0.000000000000000000e+00,0.000000000000000000e+00,0.000000000000000000e+00,0.000000000000000000e+00,0.000000000000000000e+00,0.000000000000000000e+00,0.000000000000000000e+00,0.000000000000000000e+00,0.000000000000000000e+00,0.000000000000000000e+00,0.000000000000000000e+00,0.000000000000000000e+00,0.000000000000000000e+00,0.000000000000000000e+00,0.000000000000000000e+00,0.000000000000000000e+00,0.000000000000000000e+00,0.000000000000000000e+00,0.000000000000000000e+00,0.000000000000000000e+00,0.000000000000000000e+00,0.000000000000000000e+00,0.000000000000000000e+00,0.000000000000000000e+00,0.000000000000000000e+00,0.000000000000000000e+00,0.000000000000000000e+00,0.000000000000000000e+00,1.647043756648581336e+01,9.621679963492054810e+01,2.985440541479767944e+02,4.083138593615115610e+02,4.908003753959748110e+02,5.471900403282984371e+02,5.251514039918788512e+02,4.258891281380794567e+02,4.672108377656549010e+02,1.505377501494297690e+02,-1.524876592934559483e+01,-3.566987924485729167e+01,-2.928864323172464257e+00
0.000000000000000000e+00,0.000000000000000000e+00,0.000000000000000000e+00,0.000000000000000000e+00,0.000000000000000000e+00,0.000000000000000000e+00,0.000000000000000000e+00,0.000000000000000000e+00,0.000000000000000000e+00,0.000000000000000000e+00,0.000000000000000000e+00,0.000000000000000000e+00,0.000000000000000000e+00,0.000000000000000000e+00,0.000000000000000000e+00,0.000000000000000000e+00,0.000000000000000000e+00,0.000000000000000000e+00,0.000000000000000000e+00,0.000000000000000000e+00,0.000000000000000000e+00,0.000000000000000000e+00,0.000000000000000000e+00,0.000000000000000000e+00,0.000000000000000000e+00,0.000000000000000000e+00,0.000000000000000000e+00,0.000000000000000000e+00,0.000000000000000000e+00,0.000000000000000000e+00,0.000000000000000000e+00,0.000000000000000000e+00,0.000000000000000000e+00,0.000000000000000000e+00,4.070247059939777756e+01,2.985440541479768513e+02,1.151232494277163369e+03,1.378377465169617835e+03,1.558873636227451470e+03,1.757740617775798000e+03,1.605777932687674365e+03,6.849615438111977710e+02,1.256326214224393198e+03,5.084989883760020462e+02,3.479064196347044202e+01,-6.289268807040791387e+01,-6.436607219466800700e+00
0.000000000000000000e+00,0.000000000000000000e+00,0.000000000000000000e+00,0.000000000000000000e+00,0.000000000000000000e+00,0.000000000000000000e+00,0.000000000000000000e+00,0.000000000000000000e+00,0.000000000000000000e+00,0.000000000000000000e+00,0.000000000000000000e+00,0.000000000000000000e+00,0.000000000000000000e+00,0.000000000000000000e+00,0.000000000000000000e+00,0.000000000000000000e+00,0.000000000000000000e+00,0.000000000000000000e+00,0.000000000000000000e+00,0.000000000000000000e+00,0.000000000000000000e+00,0.000000000000000000e+00,0.000000000000000000e+00,0.000000000000000000e+00,0.000000000000000000e+00,0.000000000000000000e+00,0.000000000000000000e+00,0.000000000000000000e+00,0.000000000000000000e+00,0.000000000000000000e+00,0.000000000000000000e+00,0.000000000000000000e+00,0.000000000000000000e+00,0.000000000000000000e+00,6.670266741067608507e+01,4.083138593615115610e+02,1.378377465169617835e+03,1.910549346914972375e+03,2.287933648035873375e+03,2.558540457539885210e+03,2.439131993264878474e+03,1.769047262920726098e+03,1.955301004003068101e+03,6.440887477559136869e+02,-4.540963296208509803e+01,-1.380547977090392351e+02,-1.196950494218391370e+01
0.000000000000000000e+00,0.000000000000000000e+00,0.000000000000000000e+00,0.000000000000000000e+00,0.000000000000000000e+00,0.000000000000000000e+00,0.000000000000000000e+00,0.000000000000000000e+00,0.000000000000000000e+00,0.000000000000000000e+00,0.000000000000000000e+00,0.000000000000000000e+00,0.000000000000000000e+00,0.000000000000000000e+00,0.000000000000000000e+00,0.000000000000000000e+00,0.000000000000000000e+00,0.000000000000000000e+00,0.000000000000000000e+00,0.000000000000000000e+00,0.000000000000000000e+00,0.000000000000000000e+00,0.000000000000000000e+00,0.000000000000000000e+00,0.000000000000000000e+00,0.000000000000000000e+00,0.000000000000000000e+00,0.000000000000000000e+00,0.000000000000000000e+00,0.000000000000000000e+00,0.000000000000000000e+00,0.000000000000000000e+00,0.000000000000000000e+00,0.000000000000000000e+00,8.548503012798470024e+01,4.908003753959748110e+02,1.558873636227451243e+03,2.287933648035873375e+03,2.867482522630793483e+03,3.200096621992760902e+03,3.115403715909531911e+03,2.616240909403537444e+03,2.463692820067853063e+03,8.092520309847558337e+02,-4.308369739579295299e+01,-1.658912179448528832e+02,-1.424800185548488685e+01
0.000000000000000000e+00,0.000000000000000000e+00,0.000000000000000000e+00,0.000000000000000000e+00,0.000000000000000000e+00,0.000000000000000000e+00,0.000000000000000000e+00,0.000000000000000000e+00,0.000000000000000000e+00,0.000000000000000000e+00,0.000000000000000000e+00,0.000000000000000000e+00,0.000000000000000000e+00,0.000000000000000000e+00,0.000000000000000000e+00,0.000000000000000000e+00,0.000000000000000000e+00,0.000000000000000000e+00,0.000000000000000000e+00,0.000000000000000000e+00,0.000000000000000000e+00,0.000000000000000000e+00,0.000000000000000000e+00,0.000000000000000000e+00,0.000000000000000000e+00,0.000000000000000000e+00,0.000000000000000000e+00,0.000000000000000000e+00,0.000000000000000000e+00,0.000000000000000000e+00,0.000000000000000000e+00,0.000000000000000000e+00,0.000000000000000000e+00,0.000000000000000000e+00,9.439710920369138591e+01,5.471900403282984371e+02,1.757740617775797773e+03,2.558540457539885210e+03,3.200096621992761357e+03,3.661859484066397272e+03,3.568567797565433466e+03,2.878988537371269103e+03,2.728288197970307010e+03,1.000440878169065400e+03,4.897794566255017656e+01,-1.378708390262533499e+02,-1.271379758749986699e+01
0.000000000000000000e+00,0.000000000000000000e+00,0.000000000000000000e+00,0.000000000000000000e+00,0.000000000000000000e+00,0.000000000000000000e+00,0.000000000000000000e+00,0.000000000000000000e+00,0.000000000000000000e+00,0.000000000000000000e+00,0.000000000000000000e+00,0.000000000000000000e+00,0.000000000000000000e+00,0.000000000000000000e+00,0.000000000000000000e+00,0.000000000000000000e+00,0.000000000000000000e+00,0.000000000000000000e+00,0.000000000000000000e+00,0.000000000000000000e+00,0.000000000000000000e+00,0.000000000000000000e+00,0.000000000000000000e+00,0.000000000000000000e+00,0.000000000000000000e+00,0.000000000000000000e+00,0.000000000000000000e+00,0.000000000000000000e+00,0.000000000000000000e+00,0.000000000000000000e+00,0.000000000000000000e+00,0.000000000000000000e+00,0.000000000000000000e+00,0.000000000000000000e+00,9.579691529211061152e+01,5.251514039918788512e+02,1.605777932687674365e+03,2.439131993264878929e+03,3.115403715909531911e+03,3.568567797565433466e+03,3.683509202152190937e+03,3.356062787288263280e+03,2.713725269919850234e+03,1.153745600037621443e+03,2.102325724643548881e+02,-6.212113399837429029e+01,-7.042587226787554222e+00
0.000000000000000000e+00,0.000000000000000000e+00,0.000000000000000000e+00,0.000000000000000000e+00,0.000000000000000000e+00,0.000000000000000000e+00,0.000000000000000000e+00,0.000000000000000000e+00,0.000000000000000000e+00,0.000000000000000000e+00,0.000000000000000000e+00,0.000000000000000000e+00,0.000000000000000000e+00,0.000000000000000000e+00,0.000000000000000000e+00,0.000000000000000000e+00,0.000000000000000000e+00,0.000000000000000000e+00,0.000000000000000000e+00,0.000000000000000000e+00,0.000000000000000000e+00,0.000000000000000000e+00,0.000000000000000000e+00,0.000000000000000000e+00,0.000000000000000000e+00,0.000000000000000000e+00,0.000000000000000000e+00,0.000000000000000000e+00,0.000000000000000000e+00,0.000000000000000000e+00,0.000000000000000000e+00,0.000000000000000000e+00,0.000000000000000000e+00,0.000000000000000000e+00,1.159679252156011131e+02,4.258891281380794567e+02,6.849615438111977710e+02,1.769047262920726325e+03,2.616240909403537444e+03,2.878988537371269103e+03,3.356062787288263280e+03,5.789082815021595707e+03,3.170130477112405060e+03,8.165458413733325642e+02,-1.715338436570241925e+02,-2.604640585945082307e+02,-1.800551095043076089e+01
0.000000000000000000e+00,0.000000000000000000e+00,0.000000000000000000e+00,0.000000000000000000e+00,0.000000000000000000e+00,0.000000000000000000e+00,0.000000000000000000e+00,0.000000000000000000e+00,0.000000000000000000e+00,0.000000000000000000e+00,0.000000000000000000e+00,0.000000000000000000e+00,0.000000000000000000e+00,0.000000000000000000e+00,0.000000000000000000e+00,0.000000000000000000e+00,0.000000000000000000e+00,0.000000000000000000e+00,0.000000000000000000e+00,0.000000000000000000e+00,0.000000000000000000e+00,0.000000000000000000e+00,0.000000000000000000e+00,0.000000000000000000e+00,0.000000000000000000e+00,0.000000000000000000e+00,0.000000000000000000e+00,0.000000000000000000e+00,0.000000000000000000e+00,0.000000000000000000e+00,0.000000000000000000e+00,0.000000000000000000e+00,0.000000000000000000e+00,0.000000000000000000e+00,1.011313088002774805e+02,4.672108377656549010e+02,1.256326214224393425e+03,1.955301004003068101e+03,2.463692820067853063e+03,2.728288197970307010e+03,2.713725269919850234e+03,3.170130477112405515e+03,3.326246685757942942e+03,1.138849462016362622e+03,-7.465789244865084129e+01,-2.441869805674872396e+02,-1.795752992826916028e+01
0.000000000000000000e+00,0.000000000000000000e+00,0.000000000000000000e+00,0.000000000000000000e+00,0.000000000000000000e+00,0.000000000000000000e+00,0.000000000000000000e+00,0.000000000000000000e+00,0.000000000000000000e+00,0.000000000000000000e+00,0.000000000000000000e+00,0.000000000000000000e+00,0.000000000000000000e+00,0.000000000000000000e+00,0.000000000000000000e+00,0.000000000000000000e+00,0.000000000000000000e+00,0.000000000000000000e+00,0.000000000000000000e+00,0.000000000000000000e+00,0.000000000000000000e+00,0.000000000000000000e+00,0.000000000000000000e+00,0.000000000000000000e+00,0.000000000000000000e+00,0.000000000000000000e+00,0.000000000000000000e+00,0.000000000000000000e+00,0.000000000000000000e+00,0.000000000000000000e+00,0.000000000000000000e+00,0.000000000000000000e+00,0.000000000000000000e+00,0.000000000000000000e+00,2.767374650477866282e+01,1.505377501494297690e+02,5.084989883760020462e+02,6.440887477559136869e+02,8.092520309847558337e+02,1.000440878169065400e+03,1.153745600037621216e+03,8.165458413733325642e+02,1.138849462016362622e+03,1.263369424974584263e+03,7.067398738954217379e+02,2.410915188774057754e+02,1.633020525706188764e+01
0.000000000000000000e+00,0.000000000000000000e+00,0.000000000000000000e+00,0.000000000000000000e+00,0.000000000000000000e+00,0.000000000000000000e+00,0.000000000000000000e+00,0.000000000000000000e+00,0.000000000000000000e+00,0.000000000000000000e+00,0.000000000000000000e+00,0.000000000000000000e+00,0.000000000000000000e+00,0.000000000000000000e+00,0.000000000000000000e+00,0.000000000000000000e+00,0.000000000000000000e+00,0.000000000000000000e+00,0.000000000000000000e+00,0.000000000000000000e+00,0.000000000000000000e+00,0.000000000000000000e+00,0.000000000000000000e+00,0.000000000000000000e+00,0.000000000000000000e+00,0.000000000000000000e+00,0.000000000000000000e+00,0.000000000000000000e+00,0.000000000000000000e+00,0.000000000000000000e+00,0.000000000000000000e+00,0.000000000000000000e+00,0.000000000000000000e+00,0.000000000000000000e+00,-7.220000222703363946e+00,-1.524876592934559483e+01,3.479064196347044202e+01,-4.540963296208509803e+01,-4.308369739579295299e+01,4.897794566255017656e+01,2.102325724643548881e+02,-1.715338436570241925e+02,-7.465789244865084129e+01,7.067398738954217379e+02,6.491111138286680671e+02,2.948639225485949282e+02,2.033950034320863054e+01
0.000000000000000000e+00,0.000000000000000000e+00,0.000000000000000000e+00,0.000000000000000000e+00,0.000000000000000000e+00,0.000000000000000000e+00,0.000000000000000000e+00,0.000000000000000000e+00,0.000000000000000000e+00,0.000000000000000000e+00,0.000000000000000000e+00,0.000000000000000000e+00,0.000000000000000000e+00,0.000000000000000000e+00,0.000000000000000000e+00,0.000000000000000000e+00,0.000000000000000000e+00,0.000000000000000000e+00,0.000000000000000000e+00,0.000000000000000000e+00,0.000000000000000000e+00,0.000000000000000000e+00,0.000000000000000000e+00,0.000000000000000000e+00,0.000000000000000000e+00,0.000000000000000000e+00,0.000000000000000000e+00,0.000000000000000000e+00,0.000000000000000000e+00,0.000000000000000000e+00,0.000000000000000000e+00,0.000000000000000000e+00,0.000000000000000000e+00,0.000000000000000000e+00,-9.447533813891855203e+00,-3.566987924485729167e+01,-6.289268807040791387e+01,-1.380547977090392351e+02,-1.658912179448528832e+02,-1.378708390262533499e+02,-6.212113399837429029e+01,-2.604640585945082307e+02,-2.441869805674872396e+02,2.410915188774057754e+02,2.948639225485949282e+02,1.514713477065787401e+02,1.048903027206118033e+01
0.000000000000000000e+00,0.000000000000000000e+00,0.000000000000000000e+00,0.000000000000000000e+00,0.000000000000000000e+00,0.000000000000000000e+00,0.000000000000000000e+00,0.000000000000000000e+00,0.000000000000000000e+00,0.000000000000000000e+00,0.000000000000000000e+00,0.000000000000000000e+00,0.000000000000000000e+00,0.000000000000000000e+00,0.000000000000000000e+00,0.000000000000000000e+00,0.000000000000000000e+00,0.000000000000000000e+00,0.000000000000000000e+00,0.000000000000000000e+00,0.000000000000000000e+00,0.000000000000000000e+00,0.000000000000000000e+00,0.000000000000000000e+00,0.000000000000000000e+00,0.000000000000000000e+00,0.000000000000000000e+00,0.000000000000000000e+00,0.000000000000000000e+00,0.000000000000000000e+00,0.000000000000000000e+00,0.000000000000000000e+00,0.000000000000000000e+00,0.000000000000000000e+00,-7.019738498791269210e-01,-2.928864323172464257e+00,-6.436607219466800700e+00,-1.196950494218391370e+01,-1.424800185548488685e+01,-1.271379758749986699e+01,-7.042587226787554222e+00,-1.800551095043076089e+01,-1.795752992826916028e+01,1.633020525706188764e+01,2.033950034320863054e+01,1.048903027206118033e+01,7.639413843921544212e-01
