38935.2,17944.7,21725.2,22525.6,6646.06,104.853,0,0,6991.88,16794.2,12519.2,10815,7578.04,330.597,-3.42882,0,11309.2,14930.9,12916,11956.9,6980.18,1498.42,42.7996,0,9602.25,7907.53,8288.5,8109.27,3565.41,594.03,-191.21,4.61058,2333.48,4959.11,5634.37,3194.65,-1122.95,-793.346,-923.796,-196.206,441.8,2862.47,2713.06,-339.246,-1264.01,-1224.19,-936.777,-192.138,4387.05,7812.38,2663.12,1082.63,1744,-205.656,-134.118,-177.015,6090.98,8880.98,15432.1,7278.63,5510.13,52.2806,-593.584,-463.833,8562.54,2307.21,7547.76,2991.77,612.191,-1141.26,-207.025,71.4651,10393.9,6075.72,13462.3,8136.57,1506.95,110.063,-654.066,-130.52
17944.7,41231.4,21682.1,21122.6,6749.54,44.9639,0,0,6709.03,17665.5,10557.1,10172.6,7522.63,330.612,-4.5912,0,12407.3,14441.6,12451.3,11815.3,7153.94,1450.61,98.6988,0,9730.96,7146.71,7440.93,7797.12,3780.33,642.53,-105.92,9.6093,1762.5,4683.41,5087.87,3152.55,-1171.75,-806.725,-864.904,-235.686,577.429,1654.85,2531.2,-841.215,-1550.06,-1054.34,-933.943,-189.936,3858.45,8121.71,2054.57,911.052,1673.92,85.4077,-37.5935,-123.019,7116.47,9072.31,14505.2,6748.32,6070.62,-55.9023,-694.258,-424.756,6403.4,1974.51,8099.26,3039.1,366.218,-1120.53,-268.652,152.692,7083.71,4485.36,15875,8575.43,1040.37,441.867,-349.611,-147.625
21725.2,21682.1,40328.8,24947.6,7396.35,135.663,0,0,9427.19,18873.6,12932.5,12004.9,9082.29,450.232,-1.86912,0,13115.9,16192.7,14000.8,14012,8211.63,1737.97,45.2607,0,9837.7,7989.03,9450.68,9182.74,4474.03,603.973,-296.874,5.22543,1858.89,4522.8,5962.08,3674.93,-1297.84,-975.159,-1127.27,-225.561,-213.695,1810.62,2233.16,-643.765,-1650.99,-1477.74,-1164.14,-234.743,4187.09,8038.27,2326.86,997.469,2070.73,-333.203,-289.612,-242.423,5449.7,9270.58,16403.9,8473.29,6635.36,-23.1855,-791.896,-581.655,9642.72,3197.98,7859.05,5723.05,316.754,-1403.69,-344.04,38.9877,9631.3,5209.13,14418.2,9076.42,1990.45,75.5202,-906.647,-190.563
22525.6,21122.6,24947.6,37325.5,7709.3,88.4242,0,0,9660.04,20796.8,12960.7,12405.5,8564.44,178.202,-2.13067,0,12088.5,15374.9,13380.3,13919.9,7760.03,1460.98,-18.7364,0,9021.86,8183.29,9085.33,9135.69,3836.59,95.6326,-529.959,-0.308364,1134.83,3606.53,5440.51,2812.13,-2299.69,-1498.76,-1414.15,-237.141,-1759.84,2103.57,1209.49,-1244.11,-2222.02,-2140.08,-1405.72,-287.938,3485.28,6408.88,314.987,292.267,1312.65,-1236.81,-580.172,-346.66,2722.28,7662.37,15542.5,8048.34,4981.82,-672.499,-1070.87,-738.483,10056.1,702.558,7929.08,2064.34,-3.32911,-2345.19,-516.33,-137.233,11134.3,7846.41,11735.4,6052.67,1768.95,-864.186,-1614.91,-306.45
6646.06,6749.54,7396.35,7709.3,4421.83,49.595,0,0,2539.54,5827.47,3904.85,3358.44,2601.01,56.3386,-1.52516,0,3806.26,4783.81,3999.98,4120.87,2437.4,440.326,30.2222,0,3015.53,2310.14,2477.09,2740,1433.72,181.778,-35.6881,2.99996,379.039,1327.97,1599.54,1018.65,-356.444,-291.4,-297.077,-77.7405,-91.7438,463.486,663.657,-224.535,-396.118,-393.695,-316.904,-64.3915,1019.94,2277.15,355.088,225.219,651.833,-13.8643,-13.776,-38.1412,1655.14,2933.64,4450.11,2323.41,2216.27,0.298502,-207.901,-146.672,2236.54,124.696,2778.26,731.221,291.441,-409.489,-34.5938,53.662,2571.52,1265.6,4552.75,2643.38,606.1,99.5097,-93.8401,-30.866
104.853,44.9639,135.663,88.4242,49.595,16.1219,0,0,41.5248,65.7386,50.0952,50.6717,31.5721,9.95562,0.0538958,0,30.6604,47.6332,67.3937,62.4135,28.1516,-1.5004,0.159474,0,31.6388,18.3671,49.8244,36.1176,10.6879,-3.31311,-4.15522,0.0332043,9.9605,6.3129,47.3731,-11.8627,-7.9833,-10.5035,-6.07817,0.0555545,0.40382,-13.3767,4.07283,-19.7839,-1.93023,-17.0031,-4.58426,-1.39453,-3.46951,-26.6962,30.7439,-47.0715,10.8835,-13.2465,-3.06161,-3.36872,15.9796,45.15,85.1138,37.8874,10.6768,1.68465,0.140718,-9.07223,176.971,-45.3893,-168.824,133.642,-39.585,-15.5925,-7.30092,-1.86599,86.495,-126.542,-106.813,47.1663,43.0284,-3.85925,-12.335,-1.69913
0,0,0,0,0,0,0,0,0,0,0,0,0,0,0,0,0,0,0,0,0,0,0,0,0,0,0,0,0,0,0,0,0,0,0,0,0,0,0,0,0,0,0,0,0,0,0,0,0,0,0,0,0,0,0,0,0,0,0,0,0,0,0,0,0,0,0,0,0,0,0,0,0,0,0,0,0,0,0,0
0,0,0,0,0,0,0,0,0,0,0,0,0,0,0,0,0,0,0,0,0,0,0,0,0,0,0,0,0,0,0,0,0,0,0,0,0,0,0,0,0,0,0,0,0,0,0,0,0,0,0,0,0,0,0,0,0,0,0,0,0,0,0,0,0,0,0,0,0,0,0,0,0,0,0,0,0,0,0,0
6991.88,6709.03,9427.19,9660.04,2539.54,41.5248,0,0,11990.6,8401.56,6363.83,5681.33,3783.98,361.408,1.07955,0,4636.68,5715.5,6460.31,5963.37,3180.54,1043.11,-41.96,0,3230.68,4248.83,5292.92,4412.99,1961.13,596.838,-102.407,-2.52858,2152.19,2730.49,3583.02,2414.67,323.077,94.3835,-296.233,-7.44755,587.673,2613.21,1940.36,1243.38,139.073,-322.75,-254.171,-43.0739,3087.06,3776.62,2807.86,1866.75,1553.63,-18.2406,-113.256,-79.1863,2431.45,3519.96,8573.48,4795.55,2690.87,622.78,-0.282222,-128.568,5891.7,3827.44,3706.51,4116.84,1399.9,352.511,102.225,-34.9717,7903.07,5983.61,4426.44,3972.51,1792.81,199.36,-444.524,48.5351
16794.2,17665.5,18873.6,20796.8,5827.47,65.7386,0,0,8401.56,28448.7,11872.7,10331.2,7353.56,439.696,-1.44147,0,9847.15,13761.5,11351.4,11468.3,6517.91,1614.25,-9.80593,0,8334.09,6846.95,8150,7856.83,3507.83,684.317,-254.849,0.462652,2507.16,4330.2,5449.53,3359.48,-792.637,-581.363,-870.432,-140.495,-23.6089,2748.27,2165.72,-120.549,-1214.64,-1193.81,-875.115,-172.891,4271.22,6874.99,2766.98,1522.82,1787.95,-352.32,-276.44,-201.031,4942.08,7348.83,14826.5,7516.25,5048.78,258.491,-509.355,-421.292,8895.89,3844.97,6942.34,4680.53,1074.17,-677.798,-176.647,-27.2426,10875.3,7959,11370.6,7181.8,1944.79,54.1498,-908.461,-112.158
12519.2,10557.1,12932.5,12960.7,3904.85,50.0952,0,0,6363.83,11872.7,14584.4,7710.01,5392.64,508.277,-0.294541,0,7772.12,8848.26,9205.89,8129.54,4939.93,1445.68,-8.54463,0,6107.21,6187.38,6626.65,6334.19,3229.61,962.605,-50.1401,-0.190146,2713.61,3959.08,4997.66,3602.39,698.831,188.87,-362.105,-48.2081,1041.64,3272.18,3137.58,1938.97,441.468,-236.009,-342.737,-60.9412,3939.46,5609.61,3860.13,2807.73,2436.8,353.322,-40.5805,-70.6691,4478.65,5827.12,11890.3,6844.12,4826.4,979.594,-52.6158,-163.886,6901.88,4354.35,6485.6,5514.62,2432.96,609.613,140.975,20.3302,9719.04,6913.41,8125.23,6366.74,2489.91,637.957,-334.847,42.804
10815,10172.6,12004.9,12405.5,3358.44,50.6717,0,0,5681.33,10331.2,7710.01,10832.5,5264.32,537.049,0.416285,0,6694.81,8653.27,7959.19,8302.63,4889.5,1382.38,5.93235,0,5310.88,5481.2,6723.51,6132.15,3573.23,1017.69,-6.22708,1.0995,2443.02,3327.66,4655.12,3966.03,1129.83,366.221,-266.437,-35.4613,1153.02,2856.79,3032.33,2565.42,902.815,39.0982,-267.421,-43.208,3436.95,5038.49,3480.16,3139.49,2830.37,617.35,-7.35563,-50.6703,3971.13,5377.16,10005.6,6728.29,5502.06,1143.55,-14.4728,-123.394,5961.05,4539.87,6644.18,6937.47,2664.14,875.416,169.131,41.0301,8120.74,5491.07,7046.5,6216.3,2928.56,881.523,-212.039,55.7071
7578.04,7522.63,9082.29,8564.44,2601.01,31.5721,0,0,3783.98,7353.56,5392.64,5264.32,5292.43,341.876,-0.218301,0,4720.18,6031.89,5911.79,5707.07,3629.74,920.697,11.4136,0,3732.58,3618.57,4583.04,4459.89,2510.5,670.887,2.40824,1.67007,1470.76,2163.67,3090.08,2591.45,728.996,198.945,-195.467,-36.0198,596.166,1594.27,1887.66,1435.22,503.782,-17.1886,-203.824,-35.1238,2157.4,3376.61,2127.38,1942.99,1904.63,432.769,17.3558,-25.2754,2610.4,3761.58,6986.72,4606.74,3911.13,779.344,-16.6286,-81.2575,3932.16,2742.19,4665.97,4575.57,1818.64,551.458,149.628,59.3851,5090.46,3293.64,5368.02,4298.2,1975.1,659.109,-47.4381,61.7489
330.597,330.612,450.232,178.202,56.3386,9.95562,0,0,361.408,439.696,508.277,537.049,341.876,344.261,1.30295,0,369.856,505.803,608.539,533,366.694,196.184,4.84387,0,363.621,484.493,647.867,606.805,481.019,192.507,45.9586,0.745534,442.82,417.902,544.264,634.369,492.301,237.252,74.4196,12.2764,443.101,500.333,634.446,755.445,452.028,238.456,80.298,18.632,470.031,562.258,746.329,716.014,534.915,276.298,63.5597,26.0933,589.424,456.802,814.043,791.576,777.016,339.178,102.563,47.9707,322.578,878.331,871.37,1179.05,647.657,435.024,98.1099,26.75,779.47,563.952,528.802,800.13,492.946,294.207,117.491,44.5474
-3.42882,-4.5912,-1.86912,-2.13067,-1.52516,0.0538958,0,0,1.07955,-1.44147,-0.294541,0.416285,-0.218301,1.30295,0.0413305,0,-2.59186,-3.34572,-0.376769,-0.828289,-1.54311,0.049264,-0.145892,0,-2.82019,0.0984085,1.11183,-1.04475,-0.776015,-0.199235,-0.291462,-0.00965201,0.26789,-1.74615,-0.094865,-0.102076,0.231118,0.333409,0.0237395,0.180678,-0.949627,1.38331,-1.02726,0.915918,0.0642289,-0.125585,0.150832,0.0433468,1.31353,-1.74405,0.600711,0.248308,-0.151828,-0.776467,-0.299476,-0.0936275,-5.7394,-4.78631,-1.02939,1.12253,-2.74929,0.173905,0.38776,0.0410189,3.1526,4.81027,-2.02755,1.90577,-0.639247,0.526058,0.0938246,-0.209384,3.03553,3.40963,-7.78295,-1.63964,1.2315,-0.629267,-0.831438,0.0953989
0,0,0,0,0,0,0,0,0,0,0,0,0,0,0,0,0,0,0,0,0,0,0,0,0,0,0,0,0,0,0,0,0,0,0,0,0,0,0,0,0,0,0,0,0,0,0,0,0,0,0,0,0,0,0,0,0,0,0,0,0,0,0,0,0,0,0,0,0,0,0,0,0,0,0,0,0,0,0,0
11309.2,12407.3,13115.9,12088.5,3806.26,30.6604,0,0,4636.68,9847.15,7772.12,6694.81,4720.18,369.856,-2.59186,0,14365.3,9403.81,8111.45,7522.17,4694.16,1172.48,65.188,0,5762.25,4301.25,5456.2,5659.04,2982.34,858.951,91.0607,6.26351,954.652,3321.83,4069.26,3048.71,369.923,52.8383,-277.224,-97.1707,1329.75,1986.27,2734.23,954.911,27.6553,-167.917,-328.125,-63.178,3182.13,5704.01,2792.44,1803.14,1838.58,542.29,127.23,-5.01766,5299.34,6220.66,9841.67,5156.48,4724.52,674.273,-119.655,-122.276,4420.08,2856.18,5917.28,3591.05,1553.34,251.522,110.748,145.304,6134.59,3743.32,9644,6522.22,1462.78,778.318,122.812,27.478
14930.9,14441.6,16192.7,15374.9,4783.81,47.6332,0,0,5715.5,13761.5,8848.26,8653.27,6031.89,505.803,-3.34572,0,9403.81,21438.3,10466.8,9465.15,6179.45,1541.34,88.7644,0,7003.03,7724.3,6437.71,7456.3,4140.76,1237.07,157.577,7.92096,2927.94,4140.68,5065.81,4243.22,943.787,263.281,-267.999,-111.62,2113.94,3008.55,4031.99,2098.75,611.366,30.0793,-329.244,-62.2934,4103.05,7321.11,3979.12,2958.72,2771.45,923.495,214.18,12.8849,7058.48,8163.71,12723.1,7077.21,6456.03,1102.37,-83.8154,-129.059,5602.91,3575.66,8417.24,4958.63,2632.02,641.96,185.439,184.108,8466.86,4902.71,12131.4,8540.09,2312.91,1194.82,211.041,42.2635
12916,12451.3,14000.8,13380.3,3999.98,67.3937,0,0,6460.31,11351.4,9205.89,7959.19,5911.79,608.539,-0.376769,0,8111.45,10466.8,14651.8,9060.43,5496.95,1611.79,17.2213,0,6664.94,5392.18,7807.7,6608.43,3817.8,1221.21,21.9593,2.52477,3110.87,4185.16,4835.21,4047.13,1151.35,400.425,-291.721,-51.1381,1582.55,3169.6,3594.11,2233.42,673.956,1.45897,-294.69,-49.3591,4102.43,6216.65,4398.24,3100.94,2842.52,663.007,29.6842,-43.93,5480.53,6349.25,12321.1,7153.08,5740.74,1170.07,-19.639,-132.306,6838.56,5259.35,6527.67,7537.56,2485.93,881.966,164.817,82.0615,8837.24,6010.57,9449.6,7425.44,2721.71,1007.1,-139.274,76.7037
11956.9,11815.3,14012,13919.9,4120.87,62.4135,0,0,5963.37,11468.3,8129.54,8302.63,5707.07,533,-0.828289,0,7522.17,9465.15,9060.43,11398.8,5590.08,1473.14,21.4758,0,6027.41,5869.9,6808.87,7143.66,3891.71,1063.71,-1.45093,2.29884,2455.34,3730.66,5073.24,3816.94,970.065,277.486,-324.779,-63.5387,1116.04,2686.23,3288.2,2467.36,779.248,-41.4115,-343.477,-59.4179,3332.3,5344.83,3342.29,3044.6,2847.65,595.629,-18.3772,-58.0596,4406.89,6102.49,10863.5,7027.04,5830.07,1044.11,-117.144,-170.916,6177.49,3974.1,7134.85,6968.8,2625.99,671.377,121.195,54.702,8022.11,5187.82,8413.08,6638.24,2872.96,901.752,-209.595,40.3072
6980.18,7153.94,8211.63,7760.03,2437.4,28.1516,0,0,3180.54,6517.91,4939.93,4889.5,3629.74,366.694,-1.54311,0,4694.16,6179.45,5496.95,5590.08,4984.32,990.833,62.6945,0,4182.87,3746.89,4499.74,4701.93,3253.21,973.588,192.062,5.71747,1859.31,2772.86,3504.2,3333.62,1409.91,538.894,40.4139,-33.6002,1599.97,2040.03,3044.34,2663.87,1432.55,525.877,12.2947,9.26274,2213.76,3857.02,2693.26,2753.71,2587.84,1051.14,245.423,70.1265,3969.27,4568.51,6559.74,4780.24,5070.37,1178.42,135.971,33.2151,2659.45,2376.12,5941.46,4794.06,2730.11,1131.43,312.348,166.321,4450.62,2301.44,6357.36,5178.04,2349.41,1232.14,450.18,124.364
1498.42,1450.61,1737.97,1460.98,440.326,-1.5004,0,0,1043.11,1614.25,1445.68,1382.38,920.697,196.184,0.049264,0,1172.48,1541.34,1611.79,1473.14,990.833,631.828,11.5684,0,1025.53,1169.1,1491.9,1415.79,913.889,450.52,64.7237,0.392508,828.705,935.677,1176.36,1198.31,737.686,295.863,62.4341,13.1331,676.506,903.751,1118.75,1171.44,661.127,304.527,76.1536,19.2396,918.434,1223.38,1290.25,1166.39,926.467,413.75,85.6677,31.6233,1153.38,1178.26,2061.35,1580.82,1454.17,536.44,133.06,48.0792,1025.41,1501.17,1647.83,2065.3,1047.03,628.196,146.362,39.8693,1796.25,1236.47,1447.76,1617.55,857.117,454.818,142.48,70.4756
42.7996,98.6988,45.2607,-18.7364,30.2222,0.159474,0,0,-41.96,-9.80593,-8.54463,5.93235,11.4136,4.84387,-0.145892,0,65.188,88.7644,17.2213,21.4758,62.6945,11.5684,12.547,0,91.8836,20.3197,-3.96341,55.5388,72.2619,26.7273,42.3492,0.864561,22.0039,64.1123,33.2875,59.6905,63.2924,26.0289,17.2736,-0.690873,93.1865,-3.58033,99.6276,77.3364,66.4064,48.6394,16.4897,3.05312,10.7701,90.8353,45.2741,56.8304,62.3394,66.834,29.0425,11.0927,168.739,130.608,5.43895,35.1764,145.043,39.9285,15.8917,11.8203,-133.655,-36.7677,156.157,-4.05507,72.2592,48.806,19.112,15.8538,-102.182,-170.494,200.615,153.678,28.6035,66.5226,63.3822,7.94815
0,0,0,0,0,0,0,0,0,0,0,0,0,0,0,0,0,0,0,0,0,0,0,0,0,0,0,0,0,0,0,0,0,0,0,0,0,0,0,0,0,0,0,0,0,0,0,0,0,0,0,0,0,0,0,0,0,0,0,0,0,0,0,0,0,0,0,0,0,0,0,0,0,0,0,0,0,0,0,0
9602.25,9730.96,9837.7,9021.86,3015.53,31.6388,0,0,3230.68,8334.09,6107.21,5310.88,3732.58,363.621,-2.82019,0,5762.25,7003.03,6664.94,6027.41,4182.87,1025.53,91.8836,0,12137.8,4696.68,4796.56,5391.53,3202.42,1088.86,263.092,8.48347,2962.68,3264.27,4256.31,3848.69,1544.1,612.057,62.5193,-57.2881,1297.71,2622.59,4456.39,3279.35,1637.53,678.881,48.0368,14.9619,3265.55,5707.83,3736.19,3024.35,2693.86,1197.77,358.351,100.34,5874.54,5752.31,8231.46,4871.78,5079.55,1056.19,106.121,16.8605,2876.76,2194.06,6198.77,3488.41,2327,874.864,287.083,210.519,5168.6,2639.86,8425.72,6121.42,1805.92,1199.8,531.279,100.107
7907.53,7146.71,7989.03,8183.29,2310.14,18.3671,0,0,4248.83,6846.95,6187.38,5481.2,3618.57,484.493,0.0984085,0,4301.25,7724.3,5392.18,5869.9,3746.89,1169.1,20.3197,0,4696.68,12277.8,6098.65,5475.57,3225.86,1216.48,186.696,2.52012,2307.53,5769.23,4394.73,4322.9,2241.51,976.14,139.568,21.6828,2823.92,3797.98,4648.2,4801.48,2483.15,907.338,196.197,51.2627,4169.57,5239.57,4780.32,4227.84,3228.59,1132.78,244.802,73.1483,4346.83,4557.28,8583.37,5883.72,4574,1416.81,275.07,53.9313,4276.58,4060.73,6387.83,4881.87,3184.17,1434.83,378.968,91.3477,7744.1,5559.84,5555.54,5287.73,2616.13,1074.14,192.79,140.334
8288.5,7440.93,9450.68,9085.33,2477.09,49.8244,0,0,5292.92,8150,6626.65,6723.51,4583.04,647.867,1.11183,0,5456.2,6437.71,7807.7,6808.87,4499.74,1491.9,-3.96341,0,4796.56,6098.65,11618.3,6719.38,4028.34,1503.61,164.287,0.491466,4044.9,3641.42,6921.49,5168.39,2866.14,1253.85,147.47,47.0088,3305.06,5200.61,5191.99,5711.72,3035.71,1107.66,228.892,63.266,4591.85,5961.21,5990.75,5229.13,4058.4,1343.37,207.497,56.1999,4501.57,5031.57,10337.8,7354.26,5587.34,1817.35,353.696,55.0386,5870.37,5836.38,7068.42,8380.52,3884.66,1882.91,448.48,74.5734,9107.31,6254.82,5717.22,6287.97,3517.93,1328.07,130.081,200.761
8109.27,7797.12,9182.74,9135.69,2740,36.1176,0,0,4412.99,7856.83,6334.19,6132.15,4459.89,606.805,-1.04475,0,5659.04,7456.3,6608.43,7143.66,4701.93,1415.79,55.5388,0,5391.53,5475.57,6719.38,9187.16,4411.16,1593.78,298.435,4.75807,3750.76,4741.76,5491.52,5864.94,3028.51,1308.28,261.341,13.1238,3593.93,5021.49,6409.09,5919.56,3296.7,1364.51,296.848,73.5881,4074.89,5943.62,5615.59,5467.26,4307.42,1755.08,371.515,119.852,5481.26,5865.56,9301.33,7184.53,6603.86,1918.23,332.489,95.7348,4143.65,4377.51,8350.45,7442.57,4377.07,2017.48,482.601,159.251,7562.71,4576.79,7090.55,6814.43,3524.13,1691.62,498.436,190.503
3565.41,3780.33,4474.03,3836.59,1433.72,10.6879,0,0,1961.13,3507.83,3229.61,3573.23,2510.5,481.019,-0.776015,0,2982.34,4140.76,3817.8,3891.71,3253.21,913.889,72.2619,0,3202.42,3225.86,4028.34,4411.16,4235.52,1296.16,362.045,6.40836,2578.96,3107.46,3886.71,4074.3,3005.03,1220.97,417.413,30.969,3054.68,3232.61,4820.37,5139.72,2928.76,1403.98,419.651,100.879,2565.73,3909.86,4050.85,4297.25,3483.02,1713.86,446.47,173.26,4108.7,3912.06,5017.59,4689.58,5305.37,1707.52,434.259,208.393,1404.9,3149.1,6126.62,5842.44,3661.46,2013.37,528.648,207.996,3687.84,1782.44,4733.3,4952.57,2755.36,1676.98,833.312,227.816
594.03,642.53,603.973,95.6326,181.778,-3.31311,0,0,596.838,684.317,962.605,1017.69,670.887,192.507,-0.199235,0,858.951,1237.07,1221.21,1063.71,973.588,450.52,26.7273,0,1088.86,1216.48,1503.61,1593.78,1296.16,882.022,204.74,2.26127,1307.07,1410.72,1610.47,1884.65,1467.09,778.441,293.764,29.009,1622.2,1591.88,2293.65,2534.78,1591.09,775.24,282.99,61.9561,1224.35,1673.03,2133.34,2063.37,1581.19,902.415,237.813,99.5874,1899.62,1452.93,1812.47,1824.35,2117.77,910.624,285.114,141.497,325.598,1721.97,2314.5,2596.23,1741.35,1153.08,281.245,97.2026,1548.83,823.324,1575.07,2090.06,1178.35,845.615,451.592,124.802
-191.21,-105.92,-296.874,-529.959,-35.6881,-4.15522,0,0,-102.407,-254.849,-50.1401,-6.22708,2.40824,45.9586,-0.291462,0,91.0607,157.577,21.9593,-1.45093,192.062,64.7237,42.3492,0,263.092,186.696,164.287,298.435,362.045,204.74,198.098,3.1404,340.602,396.845,342.024,495.991,524.322,234.399,203.231,13.434,602.629,359.941,729.341,793.135,568.764,328.212,123.237,25.8876,265.153,451.954,571.319,587.738,468.828,362.541,133.613,53.8612,664.557,428.266,109.729,317.245,654.689,302.938,135.603,78.3017,-380.703,294.121,694.413,415.468,550.873,401.678,136.126,62.9142,7.20216,-247.593,453.682,626.868,299.915,333.883,285.606,62.3386
4.61058,9.6093,5.22543,-0.308364,2.99996,0.0332043,0,0,-2.52858,0.462652,-0.190146,1.0995,1.67007,0.745534,-0.00965201,0,6.26351,7.92096,2.52477,2.29884,5.71747,0.392508,0.864561,0,8.48347,2.52012,0.491466,4.75807,6.40836,2.26127,3.1404,0.153327,2.69964,5.48185,3.82988,5.56599,5.48626,2.42848,1.99174,0.663398,8.4076,0.158108,9.06708,6.87437,5.84954,4.13821,1.46547,0.427415,2.20687,8.54677,3.99301,4.85532,5.84943,5.55918,2.59036,1.06817,14.0605,9.65213,1.29355,2.82359,12.1779,3.50132,1.6919,1.15504,-10.1897,-1.60529,11.1492,0.234463,5.52806,4.07815,2.13653,1.50416,-8.35747,-12.4104,16.123,12.1585,2.90003,5.728,5.80946,1.0162
2333.48,1762.5,1858.89,1134.83,379.039,9.9605,0,0,2152.19,2507.16,2713.61,2443.02,1470.76,442.82,0.26789,0,954.652,2927.94,3110.87,2455.34,1859.31,828.705,22.0039,0,2962.68,2307.53,4044.9,3750.76,2578.96,1307.07,340.602,2.69964,10417.1,4222.32,4455.83,4767.01,3438.03,1625.16,574.727,93.524,4470.62,4312.79,6392.9,7103.7,4117.32,1918.09,696.832,157.751,2107.11,3635.36,5889.38,5354.01,3806.37,1805.77,455.722,187.284,4020.04,3010.29,5277.96,4403.1,3969,1769.08,583.768,249.292,2343.23,4781.56,4513.21,5760.28,3459.06,2184.88,548.193,132.75,5177.87,3586.59,2711.23,4061.92,2442.71,1391.42,631.954,237.241
4959.11,4683.41,4522.8,3606.53,1327.97,6.3129,0,0,2730.49,4330.2,3959.08,3327.66,2163.67,417.902,-1.74615,0,3321.83,4140.68,4185.16,3730.66,2772.86,935.677,64.1123,0,3264.27,5769.23,3641.42,4741.76,3107.46,1410.72,396.845,5.48185,4222.32,12062.7,5779.28,5054.33,3387.41,1550.09,516.166,40.5276,3668.84,7154.34,6698.79,6952.35,4179.88,1942.96,609.924,137.07,4090.22,4711.91,5340.68,5338.12,4057.89,2025.17,544.222,196.506,5809.02,4795.5,6667.48,5007.3,4944.87,1726.28,463.029,199.192,2164.68,3847.28,6125.22,5070.03,3494.56,1964.76,495.506,187.113,5304.42,2934.92,5566.4,5519.61,2232.75,1515.42,764.285,194.847
5634.37,5087.87,5962.08,5440.51,1599.54,47.3731,0,0,3583.02,5449.53,4997.66,4655.12,3090.08,544.264,-0.094865,0,4069.26,5065.81,4835.21,5073.24,3504.2,1176.36,33.2875,0,4256.31,4394.73,6921.49,5491.52,3886.71,1610.47,342.024,3.82988,4455.83,5779.28,11041,6338.63,3989.19,1791.54,506.564,74.3597,5293.94,5795.65,9184.44,8267.12,4868.13,2137.04,662.751,153.945,5148.75,6361.66,6247.59,6193.04,4934.28,2104.58,486.942,180.531,5329.49,4895.54,8602.22,6435.44,5659.16,2030.15,523.601,177.871,3866.19,4892.39,6745.06,7452.63,4188.29,2268.9,564.331,145.993,7123.78,4642.31,4989.28,5731.78,3243.07,1613.46,554.623,238.58
3194.65,3152.55,3674.93,2812.13,1018.65,-11.8627,0,0,2414.67,3359.48,3602.39,3966.03,2591.45,634.369,-0.102076,0,3048.71,4243.22,4047.13,3816.94,3333.62,1198.31,59.6905,0,3848.69,4322.9,5168.39,5864.94,4074.3,1884.65,495.991,5.56599,4767.01,5054.33,6338.63,9387.66,4868.42,2244.01,774,98.0758,5998.23,7023.41,8645.1,9998.46,5679.55,2738.95,910.022,206.775,4874.91,6565.71,7739.74,7031.78,5379.13,2708.33,661.93,266.253,5644.85,4672.95,6887.01,6431.95,6525.21,2464.84,703.66,331.555,2046.15,5454.64,7672.88,8347.9,5111.26,3018.57,717.421,216.175,5733.35,3814.67,4887.95,6097.78,3596.64,2127.09,967.92,297.29
-1122.95,-1171.75,-1297.84,-2299.69,-356.444,-7.9833,0,0,323.077,-792.637,698.831,1129.83,728.996,492.301,0.231118,0,369.923,943.787,1151.35,970.065,1409.91,737.686,63.2924,0,1544.1,2241.51,2866.14,3028.51,3005.03,1467.09,524.322,5.48626,3438.03,3387.41,3989.19,4868.42,5146.25,2019.43,877.848,118.802,4870.37,4963.21,6950.07,7800.51,5089.47,2488.44,956.377,215.345,3117.27,3822.13,5901.38,5898.42,4120.84,2361.92,653.157,286.704,3996.75,2582,2861.69,4030.22,4724.13,2190.7,799.598,403.547,-31.2487,3912.62,5151.61,6176.6,4416.74,2935.88,737.134,222.735,2926.3,1438.54,1846.51,4032.44,2862.28,1978.36,1167.07,323.774
-793.346,-806.725,-975.159,-1498.76,-291.4,-10.5035,0,0,94.3835,-581.363,188.87,366.221,198.945,237.252,0.333409,0,52.8383,263.281,400.425,277.486,538.894,295.863,26.0289,0,612.057,976.14,1253.85,1308.28,1220.97,778.441,234.399,2.42848,1625.16,1550.09,1791.54,2244.01,2019.43,1198.96,435.492,60.146,2298.6,2315.98,3195.12,3736.06,2310.26,1241.74,487.284,101.044,1488.74,1772.7,2774.75,2748.02,1979.12,1095.89,303.357,136.571,1798.89,1065.93,1173.9,1753.06,2079.33,1072.13,388.899,201.839,-117.545,1975.54,2257.61,2766.01,2028.56,1440.8,354.035,102.041,1325.12,739.992,682.762,1820.75,1286.04,939.429,556.953,153.893
-923.796,-864.904,-1127.27,-1414.15,-297.077,-6.07817,0,0,-296.233,-870.432,-362.105,-266.437,-195.467,74.4196,0.0237395,0,-277.224,-267.999,-291.721,-324.779,40.4139,62.4341,17.2736,0,62.5193,139.568,147.47,261.341,417.413,293.764,203.231,1.99174,574.727,516.166,506.564,774,877.848,435.492,328.37,31.4433,993.403,744.017,1226.83,1470.54,1010.51,545.819,303.189,61.977,441.975,531.704,1009.97,1032.34,751.782,533.628,173.119,83.8637,754.475,302.129,-89.6954,413.335,767.994,469.453,219.251,115.465,-541.546,603.701,778.615,800.379,841.497,659.715,200.471,71.3483,42.0243,-193.265,57.3849,646.612,473.398,456.851,375.432,92.1546
-196.206,-235.686,-225.561,-237.141,-77.7405,0.0555545,0,0,-7.44755,-140.495,-48.2081,-35.4613,-36.0198,12.2764,0.180678,0,-97.1707,-111.62,-51.1381,-63.5387,-33.6002,13.1331,-0.690873,0,-57.2881,21.6828,47.0088,13.1238,30.969,29.009,13.434,0.663398,93.524,40.5276,74.3597,98.0758,118.802,60.146,31.4433,15.8622,107.728,138.497,142.495,210.56,134.377,66.2882,30.1317,14.5784,81.7449,22.7226,154.899,145.574,94.1865,47.7369,11.5372,5.29177,-2.60602,-55.8105,-8.34342,68.5869,32.7618,63.3506,33.1144,14.1749,29.5076,165.189,18.0063,175.726,104.261,93.52,24.6635,1.76662,113.059,102.435,-172.785,12.6612,83.1047,38.8174,20.6021,12.5259
441.8,577.429,-213.695,-1759.84,-91.7438,0.40382,0,0,587.673,-23.6089,1041.64,1153.02,596.166,443.101,-0.949627,0,1329.75,2113.94,1582.55,1116.04,1599.97,676.506,93.1865,0,1297.71,2823.92,3305.06,3593.93,3054.68,1622.2,602.629,8.4076,4470.62,3668.84,5293.94,5998.23,4870.37,2298.6,993.403,107.728,14062,6898.69,9274.51,10259.5,6261.96,3153.13,1161.21,254.484,4817.86,4522.7,7252.13,7325.87,5313.9,3001.45,863.239,354.163,2451.05,2991.51,4076.03,4662.61,5483.88,2351.57,836.784,425.435,-61.9747,3650.52,5984.88,6224.34,4500.68,3018.84,762.911,283.752,3536.92,1501.88,3685.55,5229.85,2736.09,2163.46,1352.16,317.255
2862.47,1654.85,1810.62,2103.57,463.486,-13.3767,0,0,2613.21,2748.27,3272.18,2856.79,1594.27,500.333,1.38331,0,1986.27,3008.55,3169.6,2686.23,2040.03,903.751,-3.58033,0,2622.59,3797.98,5200.61,5021.49,3232.61,1591.88,359.941,0.158108,4312.79,7154.34,5795.65,7023.41,4963.21,2315.98,744.017,138.497,6898.69,18676.4,11340.8,11551,6828.13,3018.43,1035.83,233.689,4194.83,9509.37,7949.74,8014,5945.07,2592.08,603.198,232.23,4384.39,2343.96,5826.16,6038.75,5172.06,2277.95,706.778,275.304,3336.27,4943.66,6617.07,6238.07,4858.21,2782.11,648.005,100.789,7868.25,6091.29,2657.92,4616.04,3319.64,1562.45,527.605,237.188
2713.06,2531.2,2233.16,1209.49,663.657,4.07283,0,0,1940.36,2165.72,3137.58,3032.33,1887.66,634.446,-1.02726,0,2734.23,4031.99,3594.11,3288.2,3044.34,1118.75,99.6276,0,4456.39,4648.2,5191.99,6409.09,4820.37,2293.65,729.341,9.06708,6392.9,6698.79,9184.44,8645.1,6950.07,3195.12,1226.83,142.495,9274.51,11340.8,20575.3,15365.1,9159.09,4386.08,1522.17,337.49,7325.91,7552.94,12428.9,10310,7885.06,4100.49,1090.69,436.507,8179.64,5826.9,7049.7,7348.4,7938.49,3286.66,1026.58,479.278,1711.76,6149.09,9606.56,8638.68,6622.39,3988.75,990.052,310.538,6690.39,3910.63,5816.19,7403.64,4202.84,2754.14,1480.67,384.973
-339.246,-841.215,-643.765,-1244.11,-224.535,-19.7839,0,0,1243.38,-120.549,1938.97,2565.42,1435.22,755.445,0.915918,0,954.911,2098.75,2233.42,2467.36,2663.87,1171.44,77.3364,0,3279.35,4801.48,5711.72,5919.56,5139.72,2534.78,793.135,6.87437,7103.7,6952.35,8267.12,9998.46,7800.51,3736.06,1470.54,210.56,10259.5,11551,15365.1,20559.4,10350.4,4953.11,1796.83,397.802,7442.94,9056.43,11454,12632.9,8561.24,4441.12,1152.06,480.665,7011.2,5201.98,7322.21,7728.32,7939.1,3770.18,1277.53,605.046,1225.28,7094.66,10436.7,10432.9,7695.23,4822.29,1170.64,292.562,7037.71,4339.65,3341.07,7043.35,5053.93,3069,1579.92,461.469
-1264.01,-1550.06,-1650.99,-2222.02,-396.118,-1.93023,0,0,139.073,-1214.64,441.468,902.815,503.782,452.028,0.0642289,0,27.6553,611.366,673.956,779.248,1432.55,661.127,66.4064,0,1637.53,2483.15,3035.71,3296.7,2928.76,1591.09,568.764,5.84954,4117.32,4179.88,4868.13,5679.55,5089.47,2310.26,1010.51,134.377,6261.96,6828.13,9159.09,10350.4,7410.69,3124.55,1181.38,261.552,4112.44,5052.18,7439.69,7086.29,5431.1,2820.71,777.661,337.915,4340.69,2995.61,3457.62,4696.85,4981.93,2362.61,859.814,432.744,34.935,3865.5,5837.96,6228.06,4882.02,3107.63,802.918,227.644,3497.72,1614.13,1615.46,4202.47,3140.89,2051.67,1233.7,326.269
-1224.19,-1054.34,-1477.74,-2140.08,-393.695,-17.0031,0,0,-322.75,-1193.81,-236.009,39.0982,-17.1886,238.456,-0.125585,0,-167.917,30.0793,1.45897,-41.4115,525.877,304.527,48.6394,0,678.881,907.338,1107.66,1364.51,1403.98,775.24,328.212,4.13821,1918.09,1942.96,2137.04,2738.95,2488.44,1241.74,545.819,66.2882,3153.13,3018.43,4386.08,4953.11,3124.55,1857.06,633.067,134.719,1855.31,2411.96,3522.62,3543.38,2493.14,1560.18,449.165,183.193,2402.56,1426.36,1113.5,1982.11,2617.55,1189.64,445.929,247.561,-704.221,1933.89,2888.03,2909.68,2429.23,1685.15,402.085,143.085,922.855,279.202,1081.48,2167.04,1399.38,1167.63,746.163,172.628
-936.777,-933.943,-1164.14,-1405.72,-316.904,-4.58426,0,0,-254.171,-875.115,-342.737,-267.421,-203.824,80.298,0.150832,0,-328.125,-329.244,-294.69,-343.477,12.2947,76.1536,16.4897,0,48.0368,196.197,228.892,296.848,419.651,282.99,123.237,1.46547,696.832,609.924,662.751,910.022,956.377,487.284,303.189,30.1317,1161.21,1035.83,1522.17,1796.83,1181.38,633.067,379.516,64.3478,621.307,685.151,1256.84,1241.41,897.728,548.654,219.41,98.1732,756.538,289.422,73.3237,534.636,797.943,493.874,216.687,117.768,-393.823,720.865,786.485,940.541,893.327,691.521,203.417,63.478,241.105,11.4734,-52.1599,624.899,526.154,447.745,353.807,93.4068
-192.138,-189.936,-234.743,-287.938,-64.3915,-1.39453,0,0,-43.0739,-172.891,-60.9412,-43.208,-35.1238,18.632,0.0433468,0,-63.178,-62.2934,-49.3591,-59.4179,9.26274,19.2396,3.05312,0,14.9619,51.2627,63.266,73.5881,100.879,61.9561,25.8876,0.427415,157.751,137.07,153.945,206.775,215.345,101.044,61.977,14.5784,254.484,233.689,337.49,397.802,261.552,134.719,64.3478,25.8504,144.393,156.777,281.981,277.821,201.241,124.633,38.4588,27.3666,165.393,65.4714,33.0522,127.984,179.808,110.069,48.8258,23.9113,-70.5063,174.536,177.519,226.426,198.783,152.919,45.6063,13.9302,68.3993,28.162,-3.76396,141.988,120.611,98.0712,75.2179,21.1898
4387.05,3858.45,4187.09,3485.28,1019.94,-3.46951,0,0,3087.06,4271.22,3939.46,3436.95,2157.4,470.031,1.31353,0,3182.13,4103.05,4102.43,3332.3,2213.76,918.434,10.7701,0,3265.55,4169.57,4591.85,4074.89,2565.73,1224.35,265.153,2.20687,2107.11,4090.22,5148.75,4874.91,3117.27,1488.74,441.975,81.7449,4817.86,4194.83,7325.91,7442.94,4112.44,1855.31,621.307,144.393,28903.6,8756.62,6099.89,6371.05,4642.23,2005.45,489.495,186.292,15372.8,2054.9,5993.14,6522.34,5127.06,2034.24,604.17,225.654,-6914.61,-2072.85,4768.48,6724.65,3945.65,2341.81,580.398,139.775,5571.08,4981.5,4737.16,5826.77,2975.3,1505.56,516.057,239.424
7812.38,8121.71,8038.27,6408.88,2277.15,-26.6962,0,0,3776.62,6874.99,5609.61,5038.49,3376.61,562.258,-1.74405,0,5704.01,7321.11,6216.65,5344.83,3857.02,1223.38,90.8353,0,5707.83,5239.57,5961.21,5943.62,3909.86,1673.03,451.954,8.54677,3635.36,4711.91,6361.66,6565.71,3822.13,1772.7,531.704,22.7226,4522.7,9509.37,7552.94,9056.43,5052.18,2411.96,685.151,156.777,8756.62,40797.1,13053,7060.66,6127.47,2955.2,769.476,275.909,1695.47,18400.7,9717.63,6328.22,8234.46,2562.78,615.033,268.452,1056.62,1359.31,5508.01,6232.8,5240.15,2807.18,684.439,290.346,8724.04,4091.76,8908.94,8932.77,3436.54,2288.25,1015.4,259.637
2663.12,2054.57,2326.86,314.987,355.088,30.7439,0,0,2807.86,2766.98,3860.13,3480.16,2127.38,746.329,0.600711,0,2792.44,3979.12,4398.24,3342.29,2693.26,1290.25,45.2741,0,3736.19,4780.32,5990.75,5615.59,4050.85,2133.34,571.319,3.99301,5889.38,5340.68,6247.59,7739.74,5901.38,2774.75,1009.97,154.899,7252.13,7949.74,12428.9,11454,7439.69,3522.62,1256.84,281.981,6099.89,13053,29602.8,11574.9,7350.07,3751.09,920.111,362.59,8026.02,2890.34,14027.2,8579.44,7738.82,3687.41,1147.81,474.818,4462.63,7649.53,4669.65,9420.93,6412.93,4546.05,1000.48,253.326,9615.66,5962.59,5463.16,8391.11,4723.69,2921.16,1271.8,414.857
1082.63,911.052,997.469,292.267,225.219,-47.0715,0,0,1866.75,1522.82,2807.73,3139.49,1942.99,716.014,0.248308,0,1803.14,2958.72,3100.94,3044.6,2753.71,1166.39,56.8304,0,3024.35,4227.84,5229.13,5467.26,4297.25,2063.37,587.738,4.85532,5354.01,5338.12,6193.04,7031.78,5898.42,2748.02,1032.34,145.574,7325.87,8014,10310,12632.9,7086.29,3543.38,1241.41,277.821,6371.05,7060.66,11574.9,17708,7425.93,3674.47,905.722,375.572,7404.02,5512.26,5992.13,10829.6,8098.19,3403.42,1095.96,517.215,2110.72,7869.2,10111.3,8344.07,6486.55,4251.57,1045.31,266.584,7703.07,5466.53,5607.97,7463.31,4689.03,2869.89,1359.28,417.113
1744,1673.92,2070.73,1312.65,651.833,10.8835,0,0,1553.63,1787.95,2436.8,2830.37,1904.63,534.915,-0.151828,0,1838.58,2771.45,2842.52,2847.65,2587.84,926.467,62.3394,0,2693.86,3228.59,4058.4,4307.42,3483.02,1581.19,468.828,5.84943,3806.37,4057.89,4934.28,5379.13,4120.84,1979.12,751.782,94.1865,5313.9,5945.07,7885.06,8561.24,5431.1,2493.14,897.728,201.241,4642.23,6127.47,7350.07,7425.93,8688.1,2776.1,706.479,294.993,5655.19,4718.12,6786.2,5716.96,7322.99,2570.52,758.799,373.322,1937.19,5190.95,7460.21,8194.61,4587.63,2870.85,728.968,245.609,5619.52,3189.86,4432.56,6286.55,3762.42,2235.3,1095.17,328.388
-205.656,85.4077,-333.203,-1236.81,-13.8643,-13.2465,0,0,-18.2406,-352.32,353.322,617.35,432.769,276.298,-0.776467,0,542.29,923.495,663.007,595.629,1051.14,413.75,66.834,0,1197.77,1132.78,1343.37,1755.08,1713.86,902.415,362.541,5.55918,1805.77,2025.17,2104.58,2708.33,2361.92,1095.89,533.628,47.7369,3001.45,2592.08,4100.49,4441.12,2820.71,1560.18,548.654,124.633,2005.45,2955.2,3751.09,3674.47,2776.1,2420.57,533.965,199.393,3407.15,2481.88,2274.26,2768.37,3399.51,1632.53,534.667,249.642,-439.71,2323.28,3991.57,3700.95,2903.44,1706.92,431.021,184.518,1533.57,335.101,2618.4,3392.74,1785.73,1456.94,877.959,192.294
-134.118,-37.5935,-289.612,-580.172,-13.776,-3.06161,0,0,-113.256,-276.44,-40.5805,-7.35563,17.3558,63.5597,-0.299476,0,127.23,214.18,29.6842,-18.3772,245.423,85.6677,29.0425,0,358.351,244.802,207.497,371.515,446.47,237.813,133.613,2.59036,455.722,544.222,486.942,661.93,653.157,303.357,173.119,11.5372,863.239,603.198,1090.69,1152.06,777.661,449.165,219.41,38.4588,489.495,769.476,920.111,905.722,706.479,533.965,358.492,107.704,977.737,684.193,382.517,572.561,973.391,365.845,259.401,134.556,-379.445,435.528,1043.96,612.626,772.444,529.668,162.952,83.3289,175.636,-227.651,724.988,934.79,436.787,447.477,364.375,77.4288
-177.015,-123.019,-242.423,-346.66,-38.1412,-3.36872,0,0,-79.1863,-201.031,-70.6691,-50.6703,-25.2754,26.0933,-0.0936275,0,-5.01766,12.8849,-43.93,-58.0596,70.1265,31.6233,11.0927,0,100.34,73.1483,56.1999,119.852,173.26,99.5874,53.8612,1.06817,187.284,196.506,180.531,266.253,286.704,136.571,83.8637,5.29177,354.163,232.23,436.507,480.665,337.915,183.193,98.1732,27.3666,186.292,275.909,362.59,375.572,294.993,199.393,107.704,71.4116,373.62,212.361,83.7538,201.967,375.32,176.561,71.9011,96.1953,-206.849,196.619,401.077,253.171,328.595,240.626,78.8685,34.6998,27.1116,-65.5763,227.866,332.961,183.753,188.996,165.76,37.3189
6090.98,7116.47,5449.7,2722.28,1655.14,15.9796,0,0,2431.45,4942.08,4478.65,3971.13,2610.4,589.424,-5.7394,0,5299.34,7058.48,5480.53,4406.89,3969.27,1153.38,168.739,0,5874.54,4346.83,4501.57,5481.26,4108.7,1899.62,664.557,14.0605,4020.04,5809.02,5329.49,5644.85,3996.75,1798.89,754.475,-2.60602,2451.05,4384.39,8179.64,7011.2,4340.69,2402.56,756.538,165.393,15372.8,1695.47,8026.02,7404.02,5655.19,3407.15,977.737,373.62,62208.5,11260.5,7507.46,7953.46,9709.17,3165.99,848.55,446.389,30692.8,15865.8,5052.78,10597.4,6527.93,3941.48,902.965,469.615,-11475.4,-9204.91,8574.16,11640.3,4199.24,3480.1,1907.23,380.973
8880.98,9072.31,9270.58,7662.37,2933.64,45.15,0,0,3519.96,7348.83,5827.12,5377.16,3761.58,456.802,-4.78631,0,6220.66,8163.71,6349.25,6102.49,4568.51,1178.26,130.608,0,5752.31,4557.28,5031.57,5865.56,3912.06,1452.93,428.266,9.65213,3010.29,4795.5,4895.54,4672.95,2582,1065.93,302.129,-55.8105,2991.51,2343.96,5826.9,5201.98,2995.61,1426.36,289.422,65.4714,2054.9,18400.7,2890.34,5512.26,4718.12,2481.88,684.193,212.361,11260.5,43339.7,21300.2,5815.02,8974.58,2393.33,479.577,183.707,-1169,39842.3,17909.8,3635.99,5340.83,2578.96,608.413,341.92,3205.96,-1544.44,8535.91,6748.68,3778.11,2521.55,1232.75,234.093
15432.1,14505.2,16403.9,15542.5,4450.11,85.1138,0,0,8573.48,14826.5,11890.3,10005.6,6986.72,814.043,-1.02939,0,9841.67,12723.1,12321.1,10863.5,6559.74,2061.35,5.43895,0,8231.46,8583.37,10337.8,9301.33,5017.59,1812.47,109.729,1.29355,5277.96,6667.48,8602.22,6887.01,2861.69,1173.9,-89.6954,-8.34342,4076.03,5826.16,7049.7,7322.21,3457.62,1113.5,73.3237,33.0522,5993.14,9717.63,14027.2,5992.13,6786.2,2274.26,382.517,83.7538,7507.46,21300.2,67011.8,14607.9,10195.9,3317.96,512.746,38.2659,9441.84,884.841,28630.6,14839.1,5852.26,3438.4,678.91,164.582,18687.9,9224.37,8111.82,7771.79,4749.65,2721.12,252.873,278.393
7278.63,6748.32,8473.29,8048.34,2323.41,37.8874,0,0,4795.55,7516.25,6844.12,6728.29,4606.74,791.576,1.12253,0,5156.48,7077.21,7153.08,7027.04,4780.24,1580.82,35.1764,0,4871.78,5883.72,7354.26,7184.53,4689.58,1824.35,317.245,2.82359,4403.1,5007.3,6435.44,6431.95,4030.22,1753.06,413.335,68.5869,4662.61,6038.75,7348.4,7728.32,4696.85,1982.11,534.636,127.984,6522.34,6328.22,8579.44,10829.6,5716.96,2768.37,572.561,201.967,7953.46,5815.02,14607.9,27284.4,9389.08,3363.92,819.887,266.242,6606.42,8105.72,7653.43,20178.3,7918.44,3614.65,884.679,210.813,12535.3,8411.33,7914.8,7212.67,4652.45,2601.68,842.981,344.857
5510.13,6070.62,6635.36,4981.82,2216.27,10.6768,0,0,2690.87,5048.78,4826.4,5502.06,3911.13,777.016,-2.74929,0,4724.52,6456.03,5740.74,5830.07,5070.37,1454.17,145.043,0,5079.55,4574,5587.34,6603.86,5305.37,2117.77,654.689,12.1779,3969,4944.87,5659.16,6525.21,4724.13,2079.33,767.994,32.7618,5483.88,5172.06,7938.49,7939.1,4981.93,2617.55,797.943,179.808,5127.06,8234.46,7738.82,8098.19,7322.99,3399.51,973.391,375.32,9709.17,8974.58,10195.9,9389.08,19517.4,3546.16,957.871,478.995,2680.59,7140.46,12780.3,10020.3,10210.1,4404.98,1007.93,466.287,8176.87,3809.76,11124.4,11169.2,4550.66,3173.61,1698.01,450.835
52.2806,-55.9023,-23.1855,-672.499,0.298502,1.68465,0,0,622.78,258.491,979.594,1143.55,779.344,339.178,0.173905,0,674.273,1102.37,1170.07,1044.11,1178.42,536.44,39.9285,0,1056.19,1416.81,1817.35,1918.23,1707.52,910.624,302.938,3.50132,1769.08,1726.28,2030.15,2464.84,2190.7,1072.13,469.453,63.3506,2351.57,2277.95,3286.66,3770.18,2362.61,1189.64,493.874,110.069,2034.24,2562.78,3687.41,3403.42,2570.52,1632.53,365.845,176.561,3165.99,2393.33,3317.96,3363.92,3546.16,3054.55,595.121,257.334,816.731,3292.21,4180.77,4838.99,2946.18,2657.34,664.83,145.358,3320.73,1738.29,2276.97,3836.84,2303.41,1262.99,672.214,205.909
-593.584,-694.258,-791.896,-1070.87,-207.901,0.140718,0,0,-0.282222,-509.355,-52.6158,-14.4728,-16.6286,102.563,0.38776,0,-119.655,-83.8154,-19.639,-117.144,135.971,133.06,15.8917,0,106.121,275.07,353.696,332.489,434.259,285.114,135.603,1.6919,583.768,463.029,523.601,703.66,799.598,388.899,219.251,33.1144,836.784,706.778,1026.58,1277.53,859.814,445.929,216.687,48.8258,604.17,615.033,1147.81,1095.96,758.799,534.667,259.401,71.9011,848.55,479.577,512.746,819.887,957.871,595.121,644.03,173.051,9.42066,1068.13,1006.72,1284.95,1050.18,668.658,471.189,137.839,825.812,319.536,180.455,1003.31,739.172,499.219,339.671,102.504
-463.833,-424.756,-581.655,-738.483,-146.672,-9.07223,0,0,-128.568,-421.292,-163.886,-123.394,-81.2575,47.9707,0.0410189,0,-122.276,-129.059,-132.306,-170.916,33.2151,48.0792,11.8203,0,16.8605,53.9313,55.0386,95.7348,208.393,141.497,78.3017,1.15504,249.292,199.192,177.871,331.555,403.547,201.839,115.465,14.1749,425.435,275.304,479.278,605.046,432.744,247.561,117.768,23.9113,225.654,268.452,474.818,517.215,373.322,249.642,134.556,96.1953,446.389,183.707,38.2659,266.242,478.995,257.334,173.051,174.711,-277.378,445.383,555.284,480.146,515.322,390.004,107.015,78.941,128.312,51.2239,171.557,425.354,294.968,276.781,221.193,53.3611
8562.54,6403.4,9642.72,10056.1,2236.54,176.971,0,0,5891.7,8895.89,6901.88,5961.05,3932.16,322.578,3.1526,0,4420.08,5602.91,6838.56,6177.49,2659.45,1025.41,-133.655,0,2876.76,4276.58,5870.37,4143.65,1404.9,325.598,-380.703,-10.1897,2343.23,2164.68,3866.19,2046.15,-31.2487,-117.545,-541.546,29.5076,-61.9747,3336.27,1711.76,1225.28,34.935,-704.221,-393.823,-70.5063,-6914.61,1056.62,4462.63,2110.72,1937.19,-439.71,-379.445,-206.849,30692.8,-1169,9441.84,6606.42,2680.59,816.731,9.42066,-277.378,48950.7,22167.9,-2351.46,8509.22,1525.96,476.421,-17.338,-195.295,33782.9,14360.6,-1568.63,4679.03,3018.5,-40.9742,-1095.29,21.0402
2307.21,1974.51,3197.98,702.558,124.696,-45.3893,0,0,3827.44,3844.97,4354.35,4539.87,2742.19,878.331,4.81027,0,2856.18,3575.66,5259.35,3974.1,2376.12,1501.17,-36.7677,0,2194.06,4060.73,5836.38,4377.51,3149.1,1721.97,294.121,-1.60529,4781.56,3847.28,4892.39,5454.64,3912.62,1975.54,603.701,165.189,3650.52,4943.66,6149.09,7094.66,3865.5,1933.89,720.865,174.536,-2072.85,1359.31,7649.53,7869.2,5190.95,2323.28,435.528,196.619,15865.8,39842.3,884.841,8105.72,7140.46,3292.21,1068.13,445.383,22167.9,72029.7,20005.4,11637.9,6480.75,4317.92,948.469,163.254,-12491.2,39079.6,9810.33,4388.87,5282.52,2631.32,782.84,468.939
7547.76,8099.26,7859.05,7929.08,2778.26,-168.824,0,0,3706.51,6942.34,6485.6,6644.18,4665.97,871.37,-2.02755,0,5917.28,8417.24,6527.67,7134.85,5941.46,1647.83,156.157,0,6198.77,6387.83,7068.42,8350.45,6126.62,2314.5,694.413,11.1492,4513.21,6125.22,6745.06,7672.88,5151.61,2257.61,778.615,18.0063,5984.88,6617.07,9606.56,10436.7,5837.96,2888.03,786.485,177.519,4768.48,5508.01,4669.65,10111.3,7460.21,3991.57,1043.96,401.077,5052.78,17909.8,28630.6,7653.43,12780.3,4180.77,1006.72,555.284,-2351.46,20005.4,66127.4,12814.4,9501.57,5316.17,1298.67,492.661,11275.8,-1063.79,26307.9,16496,4438.05,4349.36,2089.18,487.104
2991.77,3039.1,5723.05,2064.34,731.221,133.642,0,0,4116.84,4680.53,5514.62,6937.47,4575.57,1179.05,1.90577,0,3591.05,4958.63,7537.56,6968.8,4794.06,2065.3,-4.05507,0,3488.41,4881.87,8380.52,7442.57,5842.44,2596.23,415.468,0.234463,5760.28,5070.03,7452.63,8347.9,6176.6,2766.01,800.379,175.726,6224.34,6238.07,8638.68,10432.9,6228.06,2909.68,940.541,226.426,6724.65,6232.8,9420.93,8344.07,8194.61,3700.95,612.626,253.171,10597.4,3635.99,14839.1,20178.3,10020.3,4838.99,1284.95,480.146,8509.22,11637.9,12814.4,49174.9,9027.61,6015.18,1164.8,254.683,13346.1,7166.43,2795.42,18866.2,8702.5,3785.75,1268.54,594.345
612.191,366.218,316.754,-3.32911,291.441,-39.585,0,0,1399.9,1074.17,2432.96,2664.14,1818.64,647.657,-0.639247,0,1553.34,2632.02,2485.93,2625.99,2730.11,1047.03,72.2592,0,2327,3184.17,3884.66,4377.07,3661.46,1741.35,550.873,5.52806,3459.06,3494.56,4188.29,5111.26,4416.74,2028.56,841.497,104.261,4500.68,4858.21,6622.39,7695.23,4882.02,2429.23,893.327,198.783,3945.65,5240.15,6412.93,6486.55,4587.63,2903.44,772.444,328.595,6527.93,5340.83,5852.26,7918.44,10210.1,2946.18,1050.18,515.322,1525.96,6480.75,9501.57,9027.61,14325.1,4155.98,1036.65,318.892,7517.71,4898.8,5716.94,5857.82,7024.04,3140.97,1341.06,445.812
-1141.26,-1120.53,-1403.69,-2345.19,-409.489,-15.5925,0,0,352.511,-677.798,609.613,875.416,551.458,435.024,0.526058,0,251.522,641.96,881.966,671.377,1131.43,628.196,48.806,0,874.864,1434.83,1882.91,2017.48,2013.37,1153.08,401.678,4.07815,2184.88,1964.76,2268.9,3018.57,2935.88,1440.8,659.715,93.52,3018.84,2782.11,3988.75,4822.29,3107.63,1685.15,691.521,152.919,2341.81,2807.18,4546.05,4251.57,2870.85,1706.92,529.668,240.626,3941.48,2578.96,3438.4,3614.65,4404.98,2657.34,668.658,390.004,476.421,4317.92,5316.17,6015.18,4155.98,5439.78,719.598,190.604,3789.93,2203.87,2575.23,4642.19,2491,2477.15,1284.39,274.073
-207.025,-268.652,-344.04,-516.33,-34.5938,-7.30092,0,0,102.225,-176.647,140.975,169.131,149.628,98.1099,0.0938246,0,110.748,185.439,164.817,121.195,312.348,146.362,19.112,0,287.083,378.968,448.48,482.601,528.648,281.245,136.126,2.13653,548.193,495.506,564.331,717.421,737.134,354.035,200.471,24.6635,762.911,648.005,990.052,1170.64,802.918,402.085,203.417,45.6063,580.398,684.439,1000.48,1045.31,728.968,431.021,162.952,78.8685,902.965,608.413,678.91,884.679,1007.93,664.83,471.189,107.015,-17.338,948.469,1298.67,1164.8,1036.65,719.598,723.69,132.53,857.711,440.371,580.656,1077.06,743.11,426.311,671.587,257.143
71.4651,152.692,38.9877,-137.233,53.662,-1.86599,0,0,-34.9717,-27.2426,20.3302,41.0301,59.3851,26.75,-0.209384,0,145.304,184.108,82.0615,54.702,166.321,39.8693,15.8538,0,210.519,91.3477,74.5734,159.251,207.996,97.2026,62.9142,1.50416,132.75,187.113,145.993,216.175,222.735,102.041,71.3483,1.76662,283.752,100.789,310.538,292.562,227.644,143.085,63.478,13.9302,139.775,290.346,253.326,266.584,245.609,184.518,83.3289,34.6998,469.615,341.92,164.582,210.813,466.287,145.358,137.839,78.941,-195.295,163.254,492.661,254.683,318.892,190.604,132.53,98.7085,13.1108,-157.86,494.964,481.335,196.746,209.959,180.432,116.891
10393.9,7083.71,9631.3,11134.3,2571.52,86.495,0,0,7903.07,10875.3,9719.04,8120.74,5090.46,779.47,3.03553,0,6134.59,8466.86,8837.24,8022.11,4450.62,1796.25,-102.182,0,5168.6,7744.1,9107.31,7562.71,3687.84,1548.83,7.20216,-8.35747,5177.87,5304.42,7123.78,5733.35,2926.3,1325.12,42.0243,113.059,3536.92,7868.25,6690.39,7037.71,3497.72,922.855,241.105,68.3993,5571.08,8724.04,9615.66,7703.07,5619.52,1533.57,175.636,27.1116,-11475.4,3205.96,18687.9,12535.3,8176.87,3320.73,825.812,128.312,33782.9,-12491.2,11275.8,13346.1,7517.71,3789.93,857.711,13.1108,152401,22471.1,657.256,11560.3,6741.77,2171.88,-29.9656,361.147
6075.72,4485.36,5209.13,7846.41,1265.6,-126.542,0,0,5983.61,7959,6913.41,5491.07,3293.64,563.952,3.40963,0,3743.32,4902.71,6010.57,5187.82,2301.44,1236.47,-170.494,0,2639.86,5559.84,6254.82,4576.79,1782.44,823.324,-247.593,-12.4104,3586.59,2934.92,4642.31,3814.67,1438.54,739.992,-193.265,102.435,1501.88,6091.29,3910.63,4339.65,1614.13,279.202,11.4734,28.162,4981.5,4091.76,5962.59,5466.53,3189.86,335.101,-227.651,-65.5763,-9204.91,-1544.44,9224.37,8411.33,3809.76,1738.29,319.536,51.2239,14360.6,39079.6,-1063.79,7166.43,4898.8,2203.87,440.371,-157.86,22471.1,72109.9,20857.5,776.599,4156.23,786.775,-759.126,180.055
13462.3,15875,14418.2,11735.4,4552.75,-106.813,0,0,4426.44,11370.6,8125.23,7046.5,5368.02,528.802,-7.78295,0,9644,12131.4,9449.6,8413.08,6357.36,1447.76,200.615,0,8425.72,5555.54,5717.22,7090.55,4733.3,1575.07,453.682,16.123,2711.23,5566.4,4989.28,4887.95,1846.51,682.762,57.3849,-172.785,3685.55,2657.92,5816.19,3341.07,1615.46,1081.48,-52.1599,-3.76396,4737.16,8908.94,5463.16,5607.97,4432.56,2618.4,724.988,227.866,8574.16,8535.91,8111.82,7914.8,11124.4,2276.97,180.455,171.557,-1568.63,9810.33,26307.9,2795.42,5716.94,2575.23,580.656,494.964,657.256,20857.5,57569.9,19166.2,1925.59,3290.45,1555.41,215.982
8136.57,8575.43,9076.42,6052.67,2643.38,47.1663,0,0,3972.51,7181.8,6366.74,6216.3,4298.2,800.13,-1.63964,0,6522.22,8540.09,7425.44,6638.24,5178.04,1617.55,153.678,0,6121.42,5287.73,6287.97,6814.43,4952.57,2090.06,626.868,12.1585,4061.92,5519.61,5731.78,6097.78,4032.44,1820.75,646.612,12.6612,5229.85,4616.04,7403.64,7043.35,4202.47,2167.04,624.899,141.988,5826.77,8932.77,8391.11,7463.31,6286.55,3392.74,934.79,332.961,11640.3,6748.68,7771.79,7212.67,11169.2,3836.84,1003.31,425.354,4679.03,4388.87,16496,18866.2,5857.82,4642.19,1077.06,481.335,11560.3,776.599,19166.2,38060.6,7226.88,3682.49,1921.09,461.238
1506.95,1040.37,1990.45,1768.95,606.1,43.0284,0,0,1792.81,1944.79,2489.91,2928.56,1975.1,492.946,1.2315,0,1462.78,2312.91,2721.71,2872.96,2349.41,857.117,28.6035,0,1805.92,2616.13,3517.93,3524.13,2755.36,1178.35,299.915,2.90003,2442.71,2232.75,3243.07,3596.64,2862.28,1286.04,473.398,83.1047,2736.09,3319.64,4202.84,5053.93,3140.89,1399.38,526.154,120.611,2975.3,3436.54,4723.69,4689.03,3762.42,1785.73,436.787,183.753,4199.24,3778.11,4749.65,4652.45,4550.66,2303.41,739.172,294.968,3018.5,5282.52,4438.05,8702.5,7024.04,2491,743.11,196.746,6741.77,4156.23,1925.59,7226.88,9525.81,2200.7,811.943,341.694
110.063,441.867,75.5202,-864.186,99.5097,-3.85925,0,0,199.36,54.1498,637.957,881.523,659.109,294.207,-0.629267,0,778.318,1194.82,1007.1,901.752,1232.14,454.818,66.5226,0,1199.8,1074.14,1328.07,1691.62,1676.98,845.615,333.883,5.728,1391.42,1515.42,1613.46,2127.09,1978.36,939.429,456.851,38.8174,2163.46,1562.45,2754.14,3069,2051.67,1167.63,447.745,98.0712,1505.56,2288.25,2921.16,2869.89,2235.3,1456.94,447.477,188.996,3480.1,2521.55,2721.12,2601.68,3173.61,1262.99,499.219,276.781,-40.9742,2631.32,4349.36,3785.75,3140.97,2477.15,426.311,209.959,2171.88,786.775,3290.45,3682.49,2200.7,3077.05,1041.5,204.002
-654.066,-349.611,-906.647,-1614.91,-93.8401,-12.335,0,0,-444.524,-908.461,-334.847,-212.039,-47.4381,117.491,-0.831438,0,122.812,211.041,-139.274,-209.595,450.18,142.48,63.3822,0,531.279,192.79,130.081,498.436,833.312,451.592,285.606,5.80946,631.954,764.285,554.623,967.92,1167.07,556.953,375.432,20.6021,1352.16,527.605,1480.67,1579.92,1233.7,746.163,353.807,75.2179,516.057,1015.4,1271.8,1359.28,1095.17,877.959,364.375,165.76,1907.23,1232.75,252.873,842.981,1698.01,672.214,339.671,221.193,-1095.29,782.84,2089.18,1268.54,1341.06,1284.39,671.587,180.432,-29.9656,-759.126,1555.41,1921.09,811.943,1041.5,1623.14,269.285
-130.52,-147.625,-190.563,-306.45,-30.866,-1.69913,0,0,48.5351,-112.158,42.804,55.7071,61.7489,44.5474,0.0953989,0,27.478,42.2635,76.7037,40.3072,124.364,70.4756,7.94815,0,100.107,140.334,200.761,190.503,227.816,124.802,62.3386,1.0162,237.241,194.847,238.58,297.29,323.774,153.893,92.1546,12.5259,317.255,237.188,384.973,461.469,326.269,172.628,93.4068,21.1898,239.424,259.637,414.857,417.113,328.388,192.294,77.4288,37.3189,380.973,234.093,278.393,344.857,450.835,205.909,102.504,53.3611,21.0402,468.939,487.104,594.345,445.812,274.073,257.143,116.891,361.147,180.055,215.982,461.238,341.694,204.002,269.285,198.031
