40.8076,8.67503,15.5593,15.2597,3.23483,-0.0331647,0.797045,0.761977,0.539003,0.184871,55.1711,52.4543,58.5148,28.0212,13.1055,1.82273,2.73055,1.59913,1.04995,0.47284,92.5491,87.7301,88.5545,52.3248,16.5449,4.60417,2.24702,2.66502,1.82214,0.948067,55.3742,70.5399,56.4502,20.9412,-9.45219,-2.97777,2.72259,0.783218,0.955338,0.197939,-0.224812,8.08483,3.85702,-6.6067,-6.94696,-2.06068,-0.384138,-0.432018,0.190397,0.0162933,0,0,-0.807037,-2.57503,-1.61351,-0.708158,-0.495448,-0.215726,-0.0929423,-0.133978
8.67503,21.7404,6.83139,7.63174,3.84595,0.452759,0.656126,0.521476,0.521566,0.0705344,33.7248,29.4451,32.8377,22.8942,12.093,3.73068,2.10783,1.04085,0.903235,0.326056,48.9942,52.0353,57.63,39.5084,18.0943,6.45064,2.80795,2.28866,1.08245,0.621708,32.5521,46.8463,42.6528,24.151,7.34461,1.74304,2.69724,1.30416,0.736125,0.356289,0.269996,5.1233,12.3394,3.58804,0.144873,0.125501,0.633208,0.364018,0.463335,0.170974,0,0,-0.0722004,-0.145403,0.282756,-0.0188765,0.0716026,0.0924303,0.00959472,-0.00565738
15.5593,6.83139,28.1726,10.8724,2.32616,0.91395,0.634151,0.649401,0.379372,0.20042,43.3054,39.2795,43.0445,20.6725,12.6135,4.00893,2.88808,1.47899,0.811025,0.44022,69.2645,66.4873,68.6319,48.0093,18.742,8.32378,2.73915,2.62072,1.75149,0.826731,43.8078,62.6494,54.2051,32.9034,5.70508,2.92661,4.19612,1.82074,1.2089,0.376409,-0.275379,10.503,12.1326,2.3128,0.744293,1.06606,0.743674,0.391346,0.365726,0.216656,0,0,-0.452991,-1.32204,-0.952193,-0.123684,-0.164306,-0.0123575,0.144423,-0.0055921
15.2597,7.63174,10.8724,26.2685,3.8703,-0.0685825,0.655095,0.642431,0.460671,0.157719,41.2935,40.9864,40.6567,23.7328,10.7321,3.42123,2.80638,1.37779,0.890683,0.432915,65.1943,63.5329,69.8116,47.2872,19.8542,8.50956,2.9951,2.63593,1.58009,0.788734,41.9844,59.8309,52.8241,31.9572,7.22663,3.02386,3.96554,1.78715,1.09571,0.410913,-0.096612,9.05597,12.7955,3.02068,0.692773,0.839597,0.753124,0.401496,0.406392,0.201892,0,0,-0.33863,-0.962571,-0.557273,-0.108121,-0.101332,0.0119083,0.106196,-0.00941461
3.23483,3.84595,2.32616,3.8703,13.2579,1.48507,0.0571093,0.327334,0.283823,0.0646497,7.85602,12.6929,15.9643,11.8126,10.2059,3.85827,1.54562,0.707216,0.496497,0.235896,12.6795,19.1971,26.2782,27.7762,16.9538,9.25695,2.93791,1.82432,0.789095,0.383066,13.2276,28.647,31.4616,31.8642,22.1928,7.71611,3.68494,2.13758,0.859515,0.481588,0.16783,6.28303,18.6252,12.525,8.3367,3.43079,1.71869,1.16958,0.553682,0.343019,0,0,0.317376,1.29208,0.979368,0.617049,0.421171,0.298971,0.26786,0.135356
-0.0331647,0.452759,0.91395,-0.0685825,1.48507,2.09164,0.124022,0.0193258,0.0322909,0.0357357,-1.92307,1.0811,2.18723,3.42285,2.11629,2.02291,0.411266,0.171462,0.0803513,0.0755226,-0.552074,0.995487,3.84591,7.80861,5.70551,3.79777,0.916831,0.5382,0.278839,0.0977582,1.89666,7.48696,9.38754,13.0267,10.0871,3.89676,1.60503,0.943435,0.359361,0.194019,-0.0181259,2.89512,7.22456,5.74653,4.42258,1.89462,0.803153,0.554423,0.197418,0.151462,0,0,0.139908,0.573513,0.324746,0.31209,0.182285,0.129644,0.155532,0.0725926
0.797045,0.656126,0.634151,0.655095,0.0571093,0.124022,0.653219,0.0413803,0.00160725,0.00437612,2.35583,2.45162,2.79342,2.18057,1.11174,0.207222,0.248964,0.0103618,0.0487675,0.0277727,3.40081,3.64057,4.52855,3.40697,1.93968,0.775434,0.241931,0.175112,0.0792028,0.0503587,2.3198,3.39756,3.45465,2.2849,1.17227,0.370219,0.287188,0.143524,0.0715403,0.0404304,0.0277888,0.380126,1.29144,0.596499,0.219053,0.0910415,0.0848692,0.0575756,0.0419793,0.0190706,0,0,0.00880985,0.0513524,0.0649079,0.0211221,0.0191432,0.0157019,0.00695331,0.00240987
0.761977,0.521476,0.649401,0.642431,0.327334,0.0193258,0.0413803,0.328363,-0.00273375,-0.000496051,2.18473,2.18747,2.46519,1.61037,0.992954,0.345237,0.0470337,0.0617958,0.00657246,0.0183113,3.08034,3.69357,3.8343,3.0052,1.35772,0.693435,0.256768,0.164255,0.0844857,0.0509522,2.25229,3.80455,3.5382,2.56705,1.10662,0.362491,0.284037,0.160879,0.0831133,0.0347557,0.00529705,0.619605,1.3108,0.620288,0.343258,0.161337,0.100459,0.0626039,0.0429715,0.0233033,0,0,-0.00201402,0.0161008,0.0214128,0.0207454,0.015285,0.0145447,0.0147493,0.00614923
0.539003,0.521566,0.379372,0.460671,0.283823,0.0322909,0.00160725,-0.00273375,0.390946,-0.0119193,1.71535,1.85178,2.08109,1.7264,0.887426,0.399056,0.125057,-0.00955432,0.0734611,-0.0167743,2.52938,2.68479,3.85751,2.62247,1.62611,0.589059,0.239561,0.168803,0.0251976,0.0242339,1.76009,2.43635,2.59291,1.64046,0.961939,0.278519,0.185773,0.107383,0.0402487,0.0380224,0.0401074,0.117918,0.997478,0.455819,0.102161,0.0199147,0.0541679,0.0360239,0.0349363,0.0123053,0,0,0.0152768,0.059966,0.0830192,0.0122507,0.0193585,0.0131674,-0.000187046,-6.08526e-05
0.184871,0.0705344,0.20042,0.157719,0.0646497,0.0357357,0.00437612,-0.000496051,-0.0119193,0.030058,0.345478,0.427101,0.485914,0.248439,0.198474,0.0958337,0.0550815,0.027472,-0.0162664,0.000729472,0.770316,0.695496,0.689466,0.675705,0.262542,0.197006,0.0399379,0.0421866,0.0364295,0.00555653,0.539653,0.934029,0.854026,0.802816,0.327326,0.165709,0.107626,0.051497,0.0295468,0.00959716,-0.0129647,0.27175,0.307593,0.182023,0.167157,0.0905939,0.0341402,0.0219175,0.00732128,0.00773895,0,0,-0.00545811,-0.0119593,-0.0196617,0.0081368,0.00095539,0.00268805,0.00878509,0.00262247
55.1711,33.7248,43.3054,41.2935,7.85602,-1.92307,2.35583,2.18473,1.71535,0.345478,281.77,152.427,168.148,80.4696,33.4603,0.348095,6.83395,4.05908,3.11429,1.17339,253.735,265.984,260.565,144.187,38.7413,5.29038,6.19095,7.89418,4.68685,2.75667,163.66,206.655,160.385,42.1267,-41.8059,-18.3934,3.6483,0.558688,2.00571,0.210418,0.25321,15.7822,5.98876,-26.5149,-28.8709,-10.711,-2.36398,-2.18287,0.632141,-0.188161,0,0,-2.12769,-7.2375,-3.64324,-2.58563,-1.47736,-0.71862,-0.758944,-0.504989
52.4543,29.4451,39.2795,40.9864,12.6929,1.0811,2.45162,2.18747,1.85178,0.427101,152.427,231.363,151.984,84.1944,45.0845,11.3807,8.40886,4.63049,3.45058,1.43201,239.208,229.183,250.406,161.783,66.5088,23.081,9.57457,9.05434,4.96486,2.73637,153.212,201.315,174.85,86.5706,4.9717,1.35812,10.0303,4.34232,3.00991,1.12208,0.155213,23.4334,31.7794,-1.52121,-8.86323,-2.31151,0.788496,0.131746,1.15391,0.354757,0,0,-1.32156,-4.10934,-1.88295,-1.09054,-0.658595,-0.192944,-0.0876053,-0.225101
58.5148,32.8377,43.0445,40.6567,15.9643,2.18723,2.79342,2.46519,2.08109,0.485914,168.148,151.984,266.759,98.4256,46.0165,15.2041,10.1008,5.24272,3.77841,1.60328,259.153,251.554,275.803,176.96,76.6586,30.0575,11.9345,10.587,5.67969,3.10015,166.422,231.157,202.429,111.718,20.9383,6.77576,12.926,5.91257,3.73545,1.4526,0.268741,28.5898,46.282,7.58686,-3.00531,0.158142,2.08828,0.960575,1.57848,0.614499,0,0,-1.13655,-3.33254,-1.28066,-0.704999,-0.378142,0.00819846,0.102691,-0.134589
28.0212,22.8942,20.6725,23.7328,11.8126,3.42285,2.18057,1.61037,1.7264,0.248439,80.4696,84.1944,98.4256,146.734,51.1194,16.2459,7.77816,3.62328,2.96079,1.11111,122.845,137.824,163.199,131.311,69.7534,31.6147,11.5787,8.18545,3.49945,1.94753,88.0503,141.878,144.627,109.059,60.2383,20.1888,12.782,6.80588,3.03647,1.72198,0.939745,20.7534,60.8684,32.0618,16.5575,6.90317,4.4681,2.9121,1.85584,0.977556,0,0,0.529244,2.51426,2.70923,1.16052,0.957913,0.737189,0.506703,0.203842
13.1055,12.093,12.6135,10.7321,10.2059,2.11629,1.11174,0.992954,0.887426,0.198474,33.4603,45.0845,46.0165,51.1194,67.6262,16.487,3.7227,2.27895,1.61667,0.70336,57.7585,68.43,92.5433,76.0324,49.6164,22.733,7.15891,5.26341,2.34376,1.17041,46.8391,85.2637,91.6666,83.2737,52.3007,18.5665,9.76577,5.48178,2.2727,1.28407,0.399441,16.9949,45.909,28.6645,18.1597,7.74052,3.95339,2.67454,1.3346,0.825628,0,0,0.549732,2.56412,2.03096,1.28513,0.879637,0.665105,0.609162,0.269339
1.82273,3.73068,4.00893,3.42123,3.85827,2.02291,0.207222,0.345237,0.399056,0.0958337,0.348095,11.3807,15.2041,16.2459,16.487,19.1588,2.60318,0.769764,0.688374,0.313505,9.06851,13.3996,30.944,36.5336,24.339,14.4037,3.58641,2.20989,0.966073,0.435992,12.1375,30.15,39.5294,46.7317,36.4589,13.5359,5.6565,3.34916,1.22743,0.782267,0.197254,8.43995,26.5812,19.9168,13.8331,5.7815,2.626,1.83183,0.723626,0.50975,0,0,0.524329,2.24894,1.54661,1.01648,0.663167,0.462467,0.451549,0.205778
2.73055,2.10783,2.88808,2.80638,1.54562,0.411266,0.248964,0.0470337,0.125057,0.0550815,6.83395,8.40886,10.1008,7.77816,3.7227,2.60318,5.11098,0.587578,0.108456,0.139105,10.9407,13.7129,15.4338,14.9073,7.83886,3.73001,1.51484,0.667739,0.415176,0.235855,8.92885,17.5411,17.3279,15.9728,9.28912,3.40495,1.83479,0.996811,0.463766,0.219496,0.0175145,3.82273,8.56998,5.26081,3.57639,1.60156,0.796847,0.523642,0.266962,0.167519,0,0,0.0710851,0.332904,0.242975,0.231769,0.150239,0.116258,0.1319,0.0586367
1.59913,1.04085,1.47899,1.37779,0.707216,0.171462,0.0103618,0.0617958,-0.00955432,0.027472,4.05908,4.63049,5.24272,3.62328,2.27895,0.769764,0.587578,1.12096,0.203429,0.0464407,7.32448,7.37865,9.0437,7.14037,3.62649,1.91298,0.331606,0.400866,0.176888,0.0982791,5.26154,8.32054,8.19642,6.55783,3.14483,1.26707,0.817851,0.401166,0.187108,0.0923749,-0.00713672,1.60423,3.07911,1.64637,1.04479,0.504767,0.252785,0.169646,0.0924411,0.0604515,0,0,-0.00385535,0.0433395,0.0273336,0.0637684,0.034865,0.0349418,0.0459323,0.0149805
1.04995,0.903235,0.811025,0.890683,0.496497,0.0803513,0.0487675,0.00657246,0.0734611,-0.0162664,3.11429,3.45058,3.77841,2.96079,1.61667,0.688374,0.108456,0.203429,0.870394,0.0545758,4.49346,4.83842,6.4787,4.53676,2.68587,1.04801,0.405135,0.134245,0.159151,0.0267328,2.94184,4.30953,4.40632,2.89492,1.5831,0.484682,0.34304,0.196629,0.0594759,0.0483821,0.0517974,0.399481,1.70746,0.772592,0.242535,0.0876426,0.105985,0.0665468,0.0606922,0.0261663,0,0,0.0167033,0.071135,0.109094,0.0183643,0.0269201,0.019328,0.00421305,0.00101127
0.47284,0.326056,0.44022,0.432915,0.235896,0.0755226,0.0277727,0.0183113,-0.0167743,0.000729472,1.17339,1.43201,1.60328,1.11111,0.70336,0.313505,0.139105,0.0464407,0.0545758,0.131268,2.0891,2.09407,2.72785,2.16816,1.16812,0.589165,0.181668,0.134013,0.0282481,0.0202624,1.50319,2.40481,2.38288,1.94658,0.998576,0.390578,0.238775,0.131897,0.061365,0.0237298,0.000201362,0.46519,0.939252,0.514925,0.32754,0.154622,0.0810665,0.0524468,0.0285249,0.0182076,0,0,0.00153953,0.0181617,0.0152904,0.0191612,0.0108635,0.0101357,0.0136806,0.00453888
92.5491,48.9942,69.2645,65.1943,12.6795,-0.552074,3.40081,3.08034,2.52938,0.770316,253.735,239.208,259.153,122.845,57.7585,9.06851,10.9407,7.32448,4.49346,2.0891,556.429,380.759,430.808,251.031,87.6222,27.9188,11.0981,13.7067,7.84336,4.38488,257.115,322.599,273.516,113.489,-30.7332,-7.72083,13.4699,5.19444,4.60172,1.23734,-0.861281,36.1691,20.7817,-27.3392,-30.1049,-9.30839,-1.80529,-1.89114,0.845895,0.0514314,0,0,-3.3365,-11.0399,-6.76849,-3.16332,-2.2783,-1.03151,-0.418564,-0.642973
87.7301,52.0353,66.4873,63.5329,19.1971,0.995487,3.64057,3.69357,2.68479,0.695496,265.984,229.183,251.554,137.824,68.43,13.3996,13.7129,7.37865,4.83842,2.09407,380.759,511.806,407.73,258.272,92.7814,34.1402,15.54,16.0628,8.70594,4.85498,261.95,361.909,307.794,157.34,10.0809,-0.67481,15.9535,7.80194,5.57955,1.64324,0.427495,42.9458,62.5926,1.5216,-12.3769,-3.28945,1.80064,0.471452,2.36474,0.829886,0,0,-2.08835,-6.24537,-2.7333,-1.58798,-0.837752,-0.0891199,-0.0997963,-0.216421
88.5545,57.63,68.6319,69.8116,26.2782,3.84591,4.52855,3.8343,3.85751,0.689466,260.565,250.406,275.803,163.199,92.5433,30.944,15.4338,9.0437,6.4787,2.72785,430.808,407.73,632.344,328.566,150.178,66.7708,22.8301,20.5779,8.9931,5.39596,303.996,397.163,369,221.071,66.0305,25.0629,24.7454,13.6112,6.93623,3.32385,1.03241,48.7191,92.8829,26.2021,3.67503,2.96698,4.72499,2.69843,3.0986,1.28492,0,0,-1.14984,-2.89088,-0.018315,-0.343918,-0.0835957,0.385949,0.469074,-0.106768
52.3248,39.5084,48.0093,47.2872,27.7762,7.80861,3.40697,3.0052,2.62247,0.675705,144.187,161.783,176.96,131.311,76.0324,36.5336,14.9073,7.14037,4.53676,2.16816,251.031,258.272,328.566,354.315,142.175,64.9595,21.9186,16.843,7.64831,4.03472,192.713,306.267,298.969,239.901,121.264,44.631,27.8009,15.5278,7.1187,3.52669,0.723984,52.3987,121.056,65.5064,38.9098,17.2131,9.58178,6.2684,3.57284,2.07281,0,0,0.628246,3.66082,3.33188,2.53278,1.63617,1.4014,1.4725,0.550449
16.5449,18.0943,18.742,19.8542,16.9538,5.70551,1.93968,1.35772,1.62611,0.262542,38.7413,66.5088,76.6586,69.7534,49.6164,24.339,7.83886,3.62649,2.68587,1.16812,87.6222,92.7814,150.178,142.175,138.221,47.0813,12.2872,9.0449,3.29789,1.7986,76.9778,132.386,151.891,140.81,98.9139,35.299,16.5919,10.0187,3.77394,2.44074,0.872654,25.3668,78.7746,52.2659,33.1615,13.578,6.95407,4.78364,2.24759,1.36351,0,0,1.31001,5.32966,4.24685,2.43205,1.64216,1.16861,1.08299,0.45833
4.60417,6.45064,8.32378,8.50956,9.25695,3.79777,0.775434,0.693435,0.589059,0.197006,5.29038,23.081,30.0575,31.6147,22.733,14.4037,3.73001,1.91298,1.04801,0.589165,27.9188,34.1402,66.7708,64.9595,47.0813,40.1822,7.49697,4.53631,1.97633,0.944935,33.4769,68.8471,81.6353,90.6258,62.6295,24.0025,10.0146,6.24998,2.43356,1.41086,0.174933,17.6718,48.345,34.9934,24.8843,10.4313,4.70337,3.2796,1.33133,0.936913,0,0,0.835493,3.53679,2.33269,1.81018,1.11204,0.807672,0.870255,0.385379
2.24702,2.80795,2.73915,2.9951,2.93791,0.916831,0.241931,0.256768,0.239561,0.0399379,6.19095,9.57457,11.9345,11.5787,7.15891,3.58641,1.51484,0.331606,0.405135,0.181668,11.0981,15.54,22.8301,21.9186,12.2872,7.49697,6.32027,1.51604,0.420902,0.318388,11.5075,22.5387,25.0115,24.5958,16.9775,5.55542,2.69857,1.50441,0.594842,0.380965,0.159379,4.44622,13.9891,9.24974,6.01477,2.45885,1.23892,0.832219,0.409135,0.252096,0,0,0.247666,0.999081,0.787001,0.450741,0.313474,0.223182,0.193363,0.0952571
2.66502,2.28866,2.62072,2.63593,1.82432,0.5382,0.175112,0.164255,0.168803,0.0421866,7.89418,9.05434,10.587,8.18545,5.26341,2.20989,0.667739,0.400866,0.134245,0.134013,13.7067,16.0628,20.5779,16.843,9.0449,4.53631,1.51604,2.70683,0.503848,0.233134,11.9694,19.8825,20.2137,17.1808,9.71533,3.44481,1.67679,1.0091,0.41603,0.227312,0.073751,3.46655,8.79247,5.14425,3.19635,1.35909,0.74331,0.478669,0.254858,0.159501,0,0,0.0895716,0.412146,0.339038,0.227377,0.154722,0.124382,0.117368,0.0529283
1.82214,1.08245,1.75149,1.58009,0.789095,0.278839,0.0792028,0.0844857,0.0251976,0.0364295,4.68685,4.96486,5.67969,3.49945,2.34376,0.966073,0.415176,0.176888,0.159151,0.0282481,7.84336,8.70594,8.9931,7.64831,3.29789,1.97633,0.420902,0.503848,1.04594,0.127912,5.97118,10.1976,9.55998,7.81425,3.4326,1.35381,0.946541,0.414533,0.26753,0.0694136,-0.0370204,2.20428,3.58611,1.91256,1.34428,0.668425,0.320304,0.20917,0.102669,0.0668881,0,0,-0.0199237,0.00701779,-0.0246318,0.0741918,0.0341863,0.0402315,0.0632463,0.0242313
0.948067,0.621708,0.826731,0.788734,0.383066,0.0977582,0.0503587,0.0509522,0.0242339,0.00555653,2.75667,2.73637,3.10015,1.94753,1.17041,0.435992,0.235855,0.0982791,0.0267328,0.0202624,4.38488,4.85498,5.39596,4.03472,1.7986,0.944935,0.318388,0.233134,0.127912,0.206006,3.34153,5.24196,4.89939,3.59493,1.47702,0.524515,0.390458,0.22971,0.0911328,0.0208717,0.00227412,0.849595,1.6706,0.781407,0.445939,0.211274,0.125463,0.0798933,0.0556679,0.0278542,0,0,-0.00492588,0.00936974,0.0145179,0.0256252,0.0162845,0.0172541,0.021014,0.00799893
55.3742,32.5521,43.8078,41.9844,13.2276,1.89666,2.3198,2.25229,1.76009,0.539653,163.66,153.212,166.422,88.0503,46.8391,12.1375,8.92885,5.26154,2.94184,1.50319,257.115,261.95,303.996,192.713,76.9778,33.4769,11.5075,11.9694,5.97118,3.34153,270.285,249.461,230.12,139.671,28.8247,10.9067,14.7901,7.9531,4.59912,1.68057,0.278251,32.6363,48.9711,10.3046,0.59627,1.75941,2.70714,1.48611,1.83742,0.815093,0,0,-1.26489,-3.76757,-2.04821,-0.465169,-0.37205,0.12977,0.400162,-0.0146433
70.5399,46.8463,62.6494,59.8309,28.647,7.48696,3.39756,3.80455,2.43635,0.934029,206.655,201.315,231.157,141.878,85.2637,30.15,17.5411,8.32054,4.30953,2.40481,322.599,361.909,397.163,306.267,132.386,68.8471,22.5387,19.8825,10.1976,5.24196,249.461,502.584,373.839,281.754,119.575,41.5731,31.106,17.5351,8.93121,3.5331,0.0176723,68.0622,129.476,62.73,37.865,17.6658,10.4763,6.68099,4.44076,2.48061,0,0,-0.341243,0.497267,1.03137,2.1419,1.37241,1.46742,1.70345,0.68578
56.4502,42.6528,54.2051,52.8241,31.4616,9.38754,3.45465,3.5382,2.59291,0.854026,160.385,174.85,202.429,144.627,91.6666,39.5294,17.3279,8.19642,4.40632,2.38288,273.516,307.794,369,298.969,151.891,81.6353,25.0115,20.2137,9.55998,4.89939,230.12,373.839,448.158,305.783,154.216,57.4378,34.7917,20.0818,9.29031,4.24863,0.623771,69.0469,153.242,84.7848,53.0373,23.747,12.7693,8.52259,4.82738,2.87126,0,0,0.800641,4.86521,3.7934,3.5815,2.33152,2.03976,2.11939,0.928337
20.9412,24.151,32.9034,31.9572,31.8642,13.0267,2.2849,2.56705,1.64046,0.802816,42.1267,86.5706,111.718,109.059,83.2737,46.7317,15.9728,6.55783,2.89492,1.94658,113.489,157.34,221.071,239.901,140.81,90.6258,24.5958,17.1808,7.81425,3.59493,139.671,281.754,305.783,378.258,215.501,77.3439,37.5364,22.5256,9.20608,4.66411,0.441173,71.8313,173.677,120.326,84.6907,35.7651,16.7263,11.5348,5.08255,3.45193,0,0,2.5904,11.0276,7.02757,6.03122,3.74944,2.8277,3.03611,1.44541
-9.45219,7.34461,5.70508,7.22663,22.1928,10.0871,1.17227,1.10662,0.961939,0.327326,-41.8059,4.9717,20.9383,60.2383,52.3007,36.4589,9.28912,3.14483,1.5831,0.998576,-30.7332,10.0809,66.0305,121.264,98.9139,62.6295,16.9775,9.71533,3.4326,1.47702,28.8247,119.575,154.216,215.501,204.807,64.7902,23.9627,15.7489,5.49141,3.40804,0.974181,40.4439,131.131,100.125,73.2257,29.2716,12.9956,9.30848,3.65177,2.577,0,0,3.18497,12.3597,8.29812,5.56376,3.6095,2.47611,2.30785,1.22479
-2.97777,1.74304,2.92661,3.02386,7.71611,3.89676,0.370219,0.362491,0.278519,0.165709,-18.3934,1.35812,6.77576,20.1888,18.5665,13.5359,3.40495,1.26707,0.484682,0.390578,-7.72083,-0.67481,25.0629,44.631,35.299,24.0025,5.55542,3.44481,1.35381,0.524515,10.9067,41.5731,57.4378,77.3439,64.7902,29.6607,9.64027,5.7941,2.14169,1.28493,0.0813658,15.8911,45.5902,36.4007,26.6986,11.3044,4.70738,3.36145,1.22248,0.940358,0,0,1.01496,4.06672,2.50417,2.03406,1.21545,0.850198,0.926112,0.443084
2.72259,2.69724,4.19612,3.96554,3.68494,1.60503,0.287188,0.284037,0.185773,0.107626,3.6483,10.0303,12.926,12.782,9.76577,5.6565,1.83479,0.817851,0.34304,0.238775,13.4699,15.9535,24.7454,27.8009,16.5919,10.0146,2.69857,1.67679,0.946541,0.390458,14.7901,31.106,34.7917,37.5364,23.9627,9.64027,7.48737,2.51885,1.00043,0.574929,-0.027768,8.60415,19.8995,14.0583,10.2246,4.32755,1.94696,1.29173,0.51815,0.403934,0,0,0.258804,1.17937,0.694007,0.736691,0.421121,0.314868,0.369575,0.168152
0.783218,1.30416,1.82074,1.78715,2.13758,0.943435,0.143524,0.160879,0.107383,0.051497,0.558688,4.34232,5.91257,6.80588,5.48178,3.34916,0.996811,0.401166,0.196629,0.131897,5.19444,7.80194,13.6112,15.5278,10.0187,6.24998,1.50441,1.0091,0.414533,0.22971,7.9531,17.5351,20.0818,22.5256,15.7489,5.7941,2.51885,2.36014,0.616685,0.32286,0.025294,4.70422,12.0826,8.73133,6.3256,2.6982,1.15062,0.803595,0.321364,0.234125,0,0,0.200083,0.8445,0.536698,0.466515,0.288938,0.208653,0.221129,0.106328
0.955338,0.736125,1.2089,1.09571,0.859515,0.359361,0.0715403,0.0831133,0.0402487,0.0295468,2.00571,3.00991,3.73545,3.03647,2.2727,1.22743,0.463766,0.187108,0.0594759,0.061365,4.60172,5.57955,6.93623,7.1187,3.77394,2.43356,0.594842,0.41603,0.26753,0.0911328,4.59912,8.93121,9.29031,9.20608,5.49141,2.14169,1.00043,0.616685,0.615907,0.116028,-0.0214107,2.21259,4.62586,3.06807,2.23183,1.00419,0.457946,0.280975,0.140299,0.0839972,0,0,0.0383798,0.211403,0.108658,0.158052,0.0896125,0.074567,0.0877551,0.0367785
0.197939,0.356289,0.376409,0.410913,0.481588,0.194019,0.0404304,0.0347557,0.0380224,0.00959716,0.210418,1.12208,1.4526,1.72198,1.28407,0.782267,0.219496,0.0923749,0.0483821,0.0237298,1.23734,1.64324,3.32385,3.52669,2.44074,1.41086,0.380965,0.227312,0.0694136,0.0208717,1.68057,3.5331,4.24863,4.66411,3.40804,1.28493,0.574929,0.32286,0.116028,0.146543,0.0184098,0.882767,2.5684,1.85589,1.28186,0.536342,0.252379,0.180725,0.067267,0.0389907,0,0,0.0472121,0.197503,0.138663,0.097341,0.0635699,0.0467925,0.0454902,0.0203004
-0.224812,0.269996,-0.275379,-0.096612,0.16783,-0.0181259,0.0277888,0.00529705,0.0401074,-0.0129647,0.25321,0.155213,0.268741,0.939745,0.399441,0.197254,0.0175145,-0.00713672,0.0517974,0.000201362,-0.861281,0.427495,1.03241,0.723984,0.872654,0.174933,0.159379,0.073751,-0.0370204,0.00227412,0.278251,0.0176723,0.623771,0.441173,0.974181,0.0813658,-0.027768,0.025294,-0.0214107,0.0184098,0.255697,0.206864,0.693762,0.553106,0.128513,-0.0357584,0.046103,0.033077,0.0406742,0.00696664,0,0,0.0586832,0.212883,0.187908,0.019889,0.0415633,0.0211465,-0.0131784,0.0021579
8.08483,5.1233,10.503,9.05597,6.28303,2.89512,0.380126,0.619605,0.117918,0.27175,15.7822,23.4334,28.5898,20.7534,16.9949,8.43995,3.82273,1.60423,0.399481,0.46519,36.1691,42.9458,48.7191,52.3987,25.3668,17.6718,4.44622,3.46655,2.20428,0.849595,32.6363,68.0622,69.0469,71.8313,40.4439,15.8911,8.60415,4.70422,2.21259,0.882767,0.206864,46.2048,35.5796,21.5313,18.5364,8.6868,3.72009,2.51515,1.03532,0.792482,0,0,0.257506,1.13234,0.365909,1.21209,0.616548,0.560993,0.759619,0.330817
3.85702,12.3394,12.1326,12.7955,18.6252,7.22456,1.29144,1.3108,0.997478,0.307593,5.98876,31.7794,46.282,60.8684,45.909,26.5812,8.56998,3.07911,1.70746,0.939252,20.7817,62.5926,92.8829,121.056,78.7746,48.345,13.9891,8.79247,3.58611,1.6706,48.9711,129.476,153.242,173.677,131.131,45.5902,19.8995,12.0826,4.62586,2.5684,0.693762,35.5796,161.271,78.0404,50.6766,22.2765,10.6763,7.35674,3.25774,2.16344,0,0,2.4322,8.18358,5.69865,4.08719,2.78219,2.00762,1.7607,0.955605
-6.6067,3.58804,2.3128,3.02068,12.525,5.74653,0.596499,0.620288,0.455819,0.182023,-26.5149,-1.52121,7.58686,32.0618,28.6645,19.9168,5.26081,1.64637,0.772592,0.514925,-27.3392,1.5216,26.2021,65.5064,52.2659,34.9934,9.24974,5.14425,1.91256,0.781407,10.3046,62.73,84.7848,120.326,100.125,36.4007,14.0583,8.73133,3.06807,1.85589,0.553106,21.5313,78.0404,79.7098,47.0306,16.8774,7.96274,5.63045,2.22519,1.56132,0,0,1.69168,7.44944,5.13443,3.34278,2.18024,1.531,1.39808,0.762093
-6.94696,0.144873,0.744293,0.692773,8.3367,4.42258,0.219053,0.343258,0.102161,0.167157,-28.8709,-8.86323,-3.00531,16.5575,18.1597,13.8331,3.57639,1.04479,0.242535,0.32754,-30.1049,-12.3769,3.67503,38.9098,33.1615,24.8843,6.01477,3.19635,1.34428,0.445939,0.59627,37.865,53.0373,84.6907,73.2257,26.6986,10.2246,6.3256,2.23183,1.28186,0.128513,18.5364,50.6766,47.0306,43.2152,14.5686,5.46133,4.12042,1.48252,1.131,0,0,1.29217,4.92866,3.11809,2.55628,1.52149,1.06026,1.09821,0.576184
-2.06068,0.125501,1.06606,0.839597,3.43079,1.89462,0.0910415,0.161337,0.0199147,0.0905939,-10.711,-2.31151,0.158142,6.90317,7.74052,5.7815,1.60156,0.504767,0.0876426,0.154622,-9.30839,-3.28945,2.96698,17.2131,13.578,10.4313,2.45885,1.35909,0.668425,0.211274,1.75941,17.6658,23.747,35.7651,29.2716,11.3044,4.32755,2.6982,1.00419,0.536342,-0.0357584,8.6868,22.2765,16.8774,14.5686,7.96103,2.58304,1.64282,0.604734,0.48135,0,0,0.484635,1.92429,1.01944,1.06155,0.633939,0.422903,0.474006,0.241175
-0.384138,0.633208,0.743674,0.753124,1.71869,0.803153,0.0848692,0.100459,0.0541679,0.0341402,-2.36398,0.788496,2.08828,4.4681,3.95339,2.626,0.796847,0.252785,0.105985,0.0810665,-1.80529,1.80064,4.72499,9.58178,6.95407,4.70337,1.23892,0.74331,0.320304,0.125463,2.70714,10.4763,12.7693,16.7263,12.9956,4.70738,1.94696,1.15062,0.457946,0.252379,0.046103,3.72009,10.6763,7.96274,5.46133,2.58304,2.1379,0.801868,0.272992,0.220458,0,0,0.230096,0.895752,0.578093,0.425644,0.305803,0.203091,0.181381,0.10284
-0.432018,0.364018,0.391346,0.401496,1.16958,0.554423,0.0575756,0.0626039,0.0360239,0.0219175,-2.18287,0.131746,0.960575,2.9121,2.67454,1.83183,0.523642,0.169646,0.0665468,0.0524468,-1.89114,0.471452,2.69843,6.2684,4.78364,3.2796,0.832219,0.478669,0.20917,0.0798933,1.48611,6.68099,8.52259,11.5348,9.30848,3.36145,1.29173,0.803595,0.280975,0.180725,0.033077,2.51515,7.35674,5.63045,4.12042,1.64282,0.801868,0.910233,0.227979,0.144465,0,0,0.164825,0.647068,0.422611,0.325245,0.190557,0.147822,0.130178,0.0698856
0.190397,0.463335,0.365726,0.406392,0.553682,0.197418,0.0419793,0.0429715,0.0349363,0.00732128,0.632141,1.15391,1.57848,1.85584,1.3346,0.723626,0.266962,0.0924411,0.0606922,0.0285249,0.845895,2.36474,3.0986,3.57284,2.24759,1.33133,0.409135,0.254858,0.102669,0.0556679,1.83742,4.44076,4.82738,5.08255,3.65177,1.22248,0.51815,0.321364,0.140299,0.067267,0.0406742,1.03532,3.25774,2.22519,1.48252,0.604734,0.272992,0.227979,0.287995,0.0618716,0,0,0.0662975,0.24988,0.196048,0.12185,0.0873538,0.0534701,0.0502333,0.0256277
0.0162933,0.170974,0.216656,0.201892,0.343019,0.151462,0.0190706,0.0233033,0.0123053,0.00773895,-0.188161,0.354757,0.614499,0.977556,0.825628,0.50975,0.167519,0.0604515,0.0261663,0.0182076,0.0514314,0.829886,1.28492,2.07281,1.36351,0.936913,0.252096,0.159501,0.0668881,0.0278542,0.815093,2.48061,2.87126,3.45193,2.577,0.940358,0.403934,0.234125,0.0839972,0.0389907,0.00696664,0.792482,2.16344,1.56132,1.131,0.48135,0.220458,0.144465,0.0618716,0.0909065,0,0,0.0407229,0.165956,0.108123,0.091013,0.0577831,0.0419514,0.0352704,0.0181537
0,0,0,0,0,0,0,0,0,0,0,0,0,0,0,0,0,0,0,0,0,0,0,0,0,0,0,0,0,0,0,0,0,0,0,0,0,0,0,0,0,0,0,0,0,0,0,0,0,0,0,0,0,0,0,0,0,0,0,0
0,0,0,0,0,0,0,0,0,0,0,0,0,0,0,0,0,0,0,0,0,0,0,0,0,0,0,0,0,0,0,0,0,0,0,0,0,0,0,0,0,0,0,0,0,0,0,0,0,0,0,0,0,0,0,0,0,0,0,0
-0.807037,-0.0722004,-0.452991,-0.33863,0.317376,0.139908,0.00880985,-0.00201402,0.0152768,-0.00545811,-2.12769,-1.32156,-1.13655,0.529244,0.549732,0.524329,0.0710851,-0.00385535,0.0167033,0.00153953,-3.3365,-2.08835,-1.14984,0.628246,1.31001,0.835493,0.247666,0.0895716,-0.0199237,-0.00492588,-1.26489,-0.341243,0.800641,2.5904,3.18497,1.01496,0.258804,0.200083,0.0383798,0.0472121,0.0586832,0.257506,2.4322,1.69168,1.29217,0.484635,0.230096,0.164825,0.0662975,0.0407229,0,0,0.297165,0.781148,0.18194,0.105551,0.0862596,0.0514574,0.0306188,0.0227533
-2.57503,-0.145403,-1.32204,-0.962571,1.29208,0.573513,0.0513524,0.0161008,0.059966,-0.0119593,-7.2375,-4.10934,-3.33254,2.51426,2.56412,2.24894,0.332904,0.0433395,0.071135,0.0181617,-11.0399,-6.24537,-2.89088,3.66082,5.32966,3.53679,0.999081,0.412146,0.00701779,0.00936974,-3.76757,0.497267,4.86521,11.0276,12.3597,4.06672,1.17937,0.8445,0.211403,0.197503,0.212883,1.13234,8.18358,7.44944,4.92866,1.92429,0.895752,0.647068,0.24988,0.165956,0,0,0.781148,2.65447,1.29584,0.434635,0.309247,0.205108,0.136818,0.0910755
-1.61351,0.282756,-0.952193,-0.557273,0.979368,0.324746,0.0649079,0.0214128,0.0830192,-0.0196617,-3.64324,-1.88295,-1.28066,2.70923,2.03096,1.54661,0.242975,0.0273336,0.109094,0.0152904,-6.76849,-2.7333,-0.018315,3.33188,4.24685,2.33269,0.787001,0.339038,-0.0246318,0.0145179,-2.04821,1.03137,3.7934,7.02757,8.29812,2.50417,0.694007,0.536698,0.108658,0.138663,0.187908,0.365909,5.69865,5.13443,3.11809,1.01944,0.578093,0.422611,0.196048,0.108123,0,0,0.18194,1.29584,1.68685,0.506614,0.204488,0.141642,0.0689665,0.0561679
-0.708158,-0.0188765,-0.123684,-0.108121,0.617049,0.31209,0.0211221,0.0207454,0.0122507,0.0081368,-2.58563,-1.09054,-0.704999,1.16052,1.28513,1.01648,0.231769,0.0637684,0.0183643,0.0191612,-3.16332,-1.58798,-0.343918,2.53278,2.43205,1.81018,0.450741,0.227377,0.0741918,0.0256252,-0.465169,2.1419,3.5815,6.03122,5.56376,2.03406,0.736691,0.466515,0.158052,0.097341,0.019889,1.21209,4.08719,3.34278,2.55628,1.06155,0.425644,0.325245,0.12185,0.091013,0,0,0.105551,0.434635,0.506614,0.438573,0.21085,0.0888079,0.0855952,0.0476
-0.495448,0.0716026,-0.164306,-0.101332,0.421171,0.182285,0.0191432,0.015285,0.0193585,0.00095539,-1.47736,-0.658595,-0.378142,0.957913,0.879637,0.663167,0.150239,0.034865,0.0269201,0.0108635,-2.2783,-0.837752,-0.0835957,1.63617,1.64216,1.11204,0.313474,0.154722,0.0341863,0.0162845,-0.37205,1.37241,2.33152,3.74944,3.6095,1.21545,0.421121,0.288938,0.0896125,0.0635699,0.0415633,0.616548,2.78219,2.18024,1.52149,0.633939,0.305803,0.190557,0.0873538,0.0577831,0,0,0.0862596,0.309247,0.204488,0.21085,0.22564,0.0918621,0.0404717,0.0301223
-0.215726,0.0924303,-0.0123575,0.0119083,0.298971,0.129644,0.0157019,0.0145447,0.0131674,0.00268805,-0.71862,-0.192944,0.00819846,0.737189,0.665105,0.462467,0.116258,0.0349418,0.019328,0.0101357,-1.03151,-0.0891199,0.385949,1.4014,1.16861,0.807672,0.223182,0.124382,0.0402315,0.0172541,0.12977,1.46742,2.03976,2.8277,2.47611,0.850198,0.314868,0.208653,0.074567,0.0467925,0.0211465,0.560993,2.00762,1.531,1.06026,0.422903,0.203091,0.147822,0.0534701,0.0419514,0,0,0.0514574,0.205108,0.141642,0.0888079,0.0918621,0.100331,0.0489337,0.0191429
-0.0929423,0.00959472,0.144423,0.106196,0.26786,0.155532,0.00695331,0.0147493,-0.000187046,0.00878509,-0.758944,-0.0876053,0.102691,0.506703,0.609162,0.451549,0.1319,0.0459323,0.00421305,0.0136806,-0.418564,-0.0997963,0.469074,1.4725,1.08299,0.870255,0.193363,0.117368,0.0632463,0.021014,0.400162,1.70345,2.11939,3.03611,2.30785,0.926112,0.369575,0.221129,0.0877551,0.0454902,-0.0131784,0.759619,1.7607,1.39808,1.09821,0.474006,0.181381,0.130178,0.0502333,0.0352704,0,0,0.0306188,0.136818,0.0689665,0.0855952,0.0404717,0.0489337,0.105236,0.021226
-0.133978,-0.00565738,-0.0055921,-0.00941461,0.135356,0.0725926,0.00240987,0.00614923,-6.08526e-05,0.00262247,-0.504989,-0.225101,-0.134589,0.203842,0.269339,0.205778,0.0586367,0.0149805,0.00101127,0.00453888,-0.642973,-0.216421,-0.106768,0.550449,0.45833,0.385379,0.0952571,0.0529283,0.0242313,0.00799893,-0.0146433,0.68578,0.928337,1.44541,1.22479,0.443084,0.168152,0.106328,0.0367785,0.0203004,0.0021579,0.330817,0.955605,0.762093,0.576184,0.241175,0.10284,0.0698856,0.0256277,0.0181537,0,0,0.0227533,0.0910755,0.0561679,0.0476,0.0301223,0.0191429,0.021226,0.0223345
