7.222080e-79,1.486740e-79,2.662590e-80,-7.346950e-82,1.866150e-78,9.984380e-79,4.304450e-79,-7.737920e-80,-2.816470e-79,1.590740e-78,1.330270e-78,1.285100e-78,1.071930e-78,2.380640e-79,-2.486370e-79,6.788580e-80,7.946630e-79,1.173160e-78,1.068900e-78,1.347340e-78,1.667230e-78,4.327210e-79,1.842850e-79,1.196330e-79,7.295490e-80,7.326570e-81,1.135810e-79,3.107710e-79,6.190450e-79,6.949700e-79,5.707800e-80,2.584030e-79,7.876700e-80,3.248640e-80,3.535600e-80,4.746130e-80,5.015960e-80,1.694810e-80,6.229220e-80,8.468930e-81,-1.449090e-79,-5.628470e-81,-2.934090e-81,1.056690e-80
1.486740e-79,4.698430e-80,5.690060e-81,-1.652700e-81,3.768970e-79,2.873680e-79,1.179680e-79,-5.015870e-80,-1.129840e-79,2.918740e-79,3.595760e-79,3.238440e-79,2.794240e-79,4.059090e-80,-1.086040e-79,2.151550e-80,1.305750e-79,3.345800e-79,2.644910e-79,3.608000e-79,4.746900e-79,7.771800e-80,2.768260e-80,3.750530e-80,-8.040560e-81,-1.828690e-80,1.356970e-80,8.151630e-80,1.812870e-79,1.834190e-79,-5.294680e-80,5.281280e-80,2.307120e-80,6.519220e-81,7.065630e-81,1.084570e-80,1.592390e-80,9.468530e-81,3.121800e-80,1.255770e-80,-5.261690e-80,-1.283020e-80,-3.738130e-81,3.697260e-81
2.662590e-80,5.690060e-81,7.241490e-81,3.376330e-81,6.405550e-80,8.042260e-80,5.096260e-80,7.855940e-80,7.446560e-80,4.443580e-80,1.119420e-79,1.134820e-79,6.357760e-80,8.470260e-80,9.052650e-80,-4.024770e-81,-2.496230e-80,6.842450e-81,7.571140e-80,7.038010e-80,-5.697430e-81,9.004470e-80,6.027460e-80,-4.336200e-81,-9.638060e-81,4.502140e-81,1.104070e-80,1.594100e-80,2.104010e-80,4.686440e-80,1.341190e-79,3.814870e-80,-1.939800e-82,-3.203900e-81,-8.522950e-81,-1.147340e-80,-1.215020e-80,-7.115320e-81,-8.973440e-81,5.531100e-81,3.655970e-80,3.974160e-81,2.012800e-81,-8.464720e-82
-7.346950e-82,-1.652700e-81,3.376330e-81,2.140000e-81,-2.871220e-81,1.642720e-80,1.557040e-80,5.134630e-80,5.696610e-80,-3.735770e-81,3.010660e-80,2.922940e-80,5.069130e-81,4.507560e-80,6.570920e-80,-5.110960e-81,-2.858930e-80,-3.114890e-80,1.518160e-80,4.344630e-82,-5.661950e-80,4.560010e-80,3.239960e-80,-7.220540e-81,-4.901760e-81,5.857740e-81,6.373670e-81,1.544170e-81,-7.074410e-81,9.119730e-81,8.915320e-80,1.744230e-80,-2.675300e-81,-3.133200e-81,-5.912230e-81,-7.732190e-81,-8.336130e-81,-3.861600e-81,-7.172570e-81,3.862750e-81,3.054480e-80,6.699720e-81,2.961210e-81,-8.415310e-82
1.866150e-78,3.768970e-79,6.405550e-80,-2.871220e-81,5.282620e-78,2.557020e-78,1.125040e-78,-1.844790e-79,-7.246330e-79,4.842880e-78,3.696900e-78,3.389040e-78,2.814600e-78,6.889590e-79,-6.356560e-79,1.676790e-79,2.760360e-78,3.449140e-78,3.188280e-78,3.805020e-78,4.549380e-78,1.291750e-78,5.151640e-79,3.038470e-79,5.488680e-79,3.287090e-79,6.446260e-79,1.201260e-78,2.015360e-78,2.185110e-78,4.558600e-79,7.809120e-79,2.171530e-79,2.095200e-79,1.992260e-79,2.487720e-79,2.721430e-79,2.359540e-79,4.120580e-79,3.166040e-79,-8.727960e-80,1.652710e-79,5.542230e-80,3.034580e-80
9.984380e-79,2.873680e-79,8.042260e-80,1.642720e-80,2.557020e-78,2.415390e-78,9.506780e-79,2.978410e-79,-1.037320e-80,1.968830e-78,3.180290e-78,2.720270e-78,1.989280e-78,8.245490e-79,1.568230e-79,8.107840e-80,6.225760e-79,2.030970e-78,2.116110e-78,2.608640e-78,2.609000e-78,1.190190e-78,6.663870e-79,1.638560e-79,-8.281010e-80,-2.673690e-80,1.528830e-79,5.581810e-79,1.232610e-78,1.539690e-78,9.900080e-79,6.843040e-79,1.475250e-79,1.716160e-80,-3.197400e-81,-1.474960e-80,-4.198390e-81,-7.861760e-81,1.216930e-79,2.120340e-79,2.546350e-79,1.885130e-79,1.057110e-79,2.563070e-80
4.304450e-79,1.179680e-79,5.096260e-80,1.557040e-80,1.125040e-78,9.506780e-79,6.073000e-79,3.636340e-79,1.705360e-79,8.629920e-79,1.236230e-78,1.473070e-78,1.053470e-78,6.510680e-79,2.753740e-79,2.356090e-80,1.853750e-79,6.345830e-79,1.168130e-78,1.350190e-78,1.075690e-78,7.307870e-79,4.210200e-79,6.116070e-80,2.047520e-81,1.188750e-80,1.653320e-79,3.854600e-79,6.293730e-79,7.533550e-79,6.679970e-79,3.368200e-79,5.083430e-80,3.946440e-80,-1.700120e-80,-1.883970e-80,-4.226390e-81,2.759250e-80,8.276530e-80,1.234360e-79,7.390630e-80,-6.504020e-80,-1.511870e-80,1.446740e-81
-7.737920e-80,-5.015870e-80,7.855940e-80,5.134630e-80,-1.844790e-79,2.978410e-79,3.636340e-79,1.302840e-78,1.446340e-78,-1.233570e-79,6.037650e-79,6.121850e-79,4.711670e-80,1.151650e-78,1.659770e-78,-1.393990e-79,-6.272240e-79,-9.140700e-79,2.738390e-79,-1.058060e-79,-1.553520e-78,1.147900e-78,8.030600e-79,-1.949290e-79,-4.341150e-80,2.073470e-79,2.155110e-79,7.857760e-80,-1.836650e-79,2.165490e-79,2.280160e-78,4.278520e-79,-7.161480e-80,-4.863600e-80,-1.365880e-79,-1.765040e-79,-1.751940e-79,-3.412390e-80,-1.103060e-79,1.676840e-79,8.087020e-79,1.897780e-79,8.760360e-80,-2.192500e-80
-2.816470e-79,-1.129840e-79,7.446560e-80,5.696610e-80,-7.246330e-79,-1.037320e-80,1.705360e-79,1.446340e-78,1.735360e-78,-5.530660e-79,2.706190e-79,1.403860e-79,-3.990510e-79,1.118150e-78,1.955510e-78,-1.881800e-79,-9.390370e-79,-1.420620e-78,-1.515390e-79,-7.070920e-79,-2.390140e-78,1.115600e-78,8.164380e-79,-2.765940e-79,-9.872870e-80,2.329170e-79,1.811990e-79,-8.738670e-80,-5.049960e-79,-3.388600e-80,2.605410e-78,3.953230e-79,-1.138000e-79,-9.864990e-80,-1.726140e-79,-2.191560e-79,-2.229300e-79,-5.832120e-80,-1.766250e-79,1.614530e-79,1.012090e-78,3.002890e-79,1.306100e-79,-2.723030e-80
1.590740e-78,2.918740e-79,4.443580e-80,-3.735770e-81,4.842880e-78,1.968830e-78,8.629920e-79,-1.233570e-79,-5.530660e-79,5.121610e-78,3.335190e-78,2.718810e-78,2.267610e-78,6.204640e-79,-5.068790e-79,1.108870e-79,3.522830e-78,3.498260e-78,3.152140e-78,3.372990e-78,3.820640e-78,1.190420e-78,4.025450e-79,2.112430e-79,1.062060e-78,8.210110e-79,1.175300e-78,1.656140e-78,2.237760e-78,2.243430e-78,7.593060e-79,7.013290e-79,1.576080e-79,3.869440e-79,3.475430e-79,4.132780e-79,4.616000e-79,5.158450e-79,7.278930e-79,6.745110e-79,2.990610e-79,2.869110e-79,7.113140e-80,1.791590e-80
1.330270e-78,3.595760e-79,1.119420e-79,3.010660e-80,3.696900e-78,3.180290e-78,1.236230e-78,6.037650e-79,2.706190e-79,3.335190e-78,4.796310e-78,3.743280e-78,2.594630e-78,1.246230e-78,4.867020e-79,6.059980e-80,1.418310e-78,3.281550e-78,3.576660e-78,3.833590e-78,3.382740e-78,1.856530e-78,9.509360e-79,1.416920e-79,2.149560e-79,4.262560e-79,8.164370e-79,1.392780e-78,2.200270e-78,2.569380e-78,2.103590e-78,1.024770e-78,1.577330e-79,1.063940e-79,1.100870e-79,1.202490e-79,1.467960e-79,2.215760e-79,4.463590e-79,6.621380e-79,7.971400e-79,3.861330e-79,1.549600e-79,2.141530e-80
1.285100e-78,3.238440e-79,1.134820e-79,2.922940e-80,3.389040e-78,2.720270e-78,1.473070e-78,6.121850e-79,1.403860e-79,2.718810e-78,3.743280e-78,4.359230e-78,3.043430e-78,1.362720e-78,3.514390e-79,8.083930e-80,9.324970e-79,2.340100e-78,3.937360e-78,4.355450e-78,3.733890e-78,1.819820e-78,9.188390e-79,1.782690e-79,1.071360e-79,1.731790e-79,7.237240e-79,1.421580e-78,2.254820e-78,2.535420e-78,1.725160e-78,8.970850e-79,1.410260e-79,1.178670e-79,6.667540e-80,9.172630e-80,1.207500e-79,1.735020e-79,3.899500e-79,5.147970e-79,2.622720e-79,-1.158310e-79,-4.381700e-80,5.073720e-81
1.071930e-78,2.794240e-79,6.357760e-80,5.069130e-81,2.814600e-78,1.989280e-78,1.053470e-78,4.711670e-80,-3.990510e-79,2.267610e-78,2.594630e-78,3.043430e-78,2.386470e-78,7.267880e-79,-3.077680e-79,1.139910e-79,1.002260e-78,2.007850e-78,2.640170e-78,3.240890e-78,3.395390e-78,1.022980e-78,4.548780e-79,2.150020e-79,1.158060e-79,4.260430e-81,3.523360e-79,9.054980e-79,1.641770e-78,1.774270e-78,4.716690e-79,5.387200e-79,1.405640e-79,1.188810e-79,7.585870e-80,9.904510e-80,1.196310e-79,1.078190e-79,2.845790e-79,2.780260e-79,-1.587350e-79,-1.967500e-79,-6.741100e-80,1.253230e-80
2.380640e-79,4.059090e-80,8.470260e-80,4.507560e-80,6.889590e-79,8.245490e-79,6.510680e-79,1.151650e-78,1.118150e-78,6.204640e-79,1.246230e-78,1.362720e-78,7.267880e-79,1.330330e-78,1.360540e-78,-7.790140e-80,-1.116680e-79,-2.028190e-79,9.276670e-79,8.129470e-79,-3.524220e-79,1.387630e-78,9.177760e-79,-8.051530e-80,8.146720e-80,1.866660e-79,2.713300e-79,3.337730e-79,3.229470e-79,7.214880e-79,2.108750e-78,5.941510e-79,1.331650e-80,4.217880e-80,-9.366760e-80,-1.266600e-79,-1.133170e-79,2.186520e-80,3.368670e-80,2.934610e-79,7.023530e-79,1.668350e-79,1.077400e-79,-6.018480e-81
-2.486370e-79,-1.086040e-79,9.052650e-80,6.570920e-80,-6.356560e-79,1.568230e-79,2.753740e-79,1.659770e-78,1.955510e-78,-5.068790e-79,4.867020e-79,3.514390e-79,-3.077680e-79,1.360540e-78,2.251430e-78,-1.987610e-79,-1.031280e-78,-1.513690e-78,-7.317710e-80,-6.302450e-79,-2.513620e-78,1.397430e-78,1.045060e-78,-2.809220e-79,-1.274340e-79,2.151830e-79,1.560850e-79,-1.073430e-79,-4.985750e-79,6.992310e-80,3.005160e-78,5.440480e-79,-9.584620e-80,-1.116550e-79,-2.175890e-79,-2.755320e-79,-2.763750e-79,-8.423190e-80,-1.878790e-79,2.239890e-79,1.188490e-78,3.949910e-79,1.857230e-79,-2.279590e-80
6.788580e-80,2.151550e-80,-4.024770e-81,-5.110960e-81,1.676790e-79,8.107840e-80,2.356090e-80,-1.393990e-79,-1.881800e-79,1.108870e-79,6.059980e-80,8.083930e-80,1.139910e-79,-7.790140e-80,-1.987610e-79,2.748230e-80,1.002040e-79,2.123290e-79,7.748780e-80,1.645870e-79,3.497010e-79,-7.039090e-80,-4.778410e-80,4.298780e-80,-5.010690e-81,-4.674180e-80,-4.071320e-80,3.931660e-81,7.780580e-80,4.307700e-80,-2.623080e-79,-7.255290e-81,2.442850e-80,8.398360e-81,1.318340e-80,1.459740e-80,1.160980e-80,-1.247460e-80,5.816750e-81,-2.124510e-80,-1.036000e-79,-2.176960e-80,-5.632770e-81,5.594810e-81
7.946630e-79,1.305750e-79,-2.496230e-80,-2.858930e-80,2.760360e-78,6.225760e-79,1.853750e-79,-6.272240e-79,-9.390370e-79,3.522830e-78,1.418310e-78,9.324970e-79,1.002260e-78,-1.116680e-79,-1.031280e-78,1.002040e-79,3.753550e-78,2.706210e-78,1.862320e-78,1.823490e-78,2.536610e-78,1.388110e-79,-1.939110e-79,1.713270e-79,1.474890e-78,1.006970e-78,1.225200e-78,1.535680e-78,1.790870e-78,1.332820e-78,-5.469150e-79,1.401200e-79,8.247690e-80,5.558270e-79,4.792490e-79,5.457060e-79,5.940750e-79,6.343600e-79,8.290840e-79,6.340810e-79,-3.431190e-80,4.547250e-80,-5.151530e-80,5.429230e-81
1.173160e-78,3.345800e-79,6.842450e-81,-3.114890e-80,3.449140e-78,2.030970e-78,6.345830e-79,-9.140700e-79,-1.420620e-78,3.498260e-78,3.281550e-78,2.340100e-78,2.007850e-78,-2.028190e-79,-1.513690e-78,2.123290e-79,2.706210e-78,4.561570e-78,3.403730e-78,3.610670e-78,4.591690e-78,2.008200e-79,-1.945170e-79,3.378120e-79,6.528990e-79,5.765640e-79,1.110950e-78,1.852520e-78,2.684970e-78,2.176930e-78,-8.718270e-79,3.107760e-79,1.837300e-79,3.298810e-79,4.161800e-79,4.875380e-79,5.250500e-79,4.752740e-79,8.298100e-79,6.736520e-79,-1.252730e-79,-2.135160e-80,-8.889330e-80,2.654800e-80
1.068900e-78,2.644910e-79,7.571140e-80,1.518160e-80,3.188280e-78,2.116110e-78,1.168130e-78,2.738390e-79,-1.515390e-79,3.152140e-78,3.576660e-78,3.937360e-78,2.640170e-78,9.276670e-79,-7.317710e-80,7.748780e-80,1.862320e-78,3.403730e-78,5.007320e-78,4.749640e-78,3.954990e-78,1.431530e-78,5.110320e-79,1.487620e-79,6.296230e-79,8.056150e-79,1.693100e-78,2.537010e-78,3.221880e-78,3.007530e-78,1.482490e-78,7.039420e-79,8.270770e-80,3.231160e-79,3.472580e-79,4.322620e-79,4.878810e-79,5.959120e-79,9.394840e-79,1.024260e-78,4.713900e-79,-1.656140e-79,-1.678510e-79,-1.498310e-80
1.347340e-78,3.608000e-79,7.038010e-80,4.344630e-82,3.805020e-78,2.608640e-78,1.350190e-78,-1.058060e-79,-7.070920e-79,3.372990e-78,3.833590e-78,4.355450e-78,3.240890e-78,8.129470e-79,-6.302450e-79,1.645870e-79,1.823490e-78,3.610670e-78,4.749640e-78,5.283460e-78,5.213290e-78,1.357440e-78,4.822960e-79,2.986450e-79,3.953060e-79,3.517080e-79,1.096710e-78,2.059730e-78,3.184250e-78,3.173960e-78,8.421310e-79,7.912560e-79,2.044460e-79,2.632500e-79,2.687070e-79,3.338830e-79,3.728650e-79,3.946730e-79,8.060740e-79,9.161420e-79,2.083180e-79,-1.272060e-79,-7.367860e-80,1.956730e-80
1.667230e-78,4.746900e-79,-5.697430e-81,-5.661950e-80,4.549380e-78,2.609000e-78,1.075690e-78,-1.553520e-78,-2.390140e-78,3.820640e-78,3.382740e-78,3.733890e-78,3.395390e-78,-3.524220e-79,-2.513620e-78,3.497010e-79,2.536610e-78,4.591690e-78,3.954990e-78,5.213290e-78,7.163760e-78,2.020830e-79,-2.879980e-79,5.729450e-79,3.379170e-79,-8.322520e-80,4.735110e-79,1.522860e-78,2.995140e-78,2.706870e-78,-1.860320e-78,4.076740e-79,3.334850e-79,2.686650e-79,3.465410e-79,4.352240e-79,4.601260e-79,2.777280e-79,7.054090e-79,4.554790e-79,-8.914540e-79,-2.993180e-79,-1.277250e-79,5.656130e-80
4.327210e-79,7.771800e-80,9.004470e-80,4.560010e-80,1.291750e-78,1.190190e-78,7.307870e-79,1.147900e-78,1.115600e-78,1.190420e-78,1.856530e-78,1.819820e-78,1.022980e-78,1.387630e-78,1.397430e-78,-7.039090e-80,1.388110e-79,2.008200e-79,1.431530e-78,1.357440e-78,2.020830e-79,1.686100e-78,1.069440e-78,-5.798970e-80,1.155920e-79,2.485790e-79,3.744180e-79,4.990500e-79,6.392330e-79,1.178530e-78,2.539320e-78,8.222370e-79,5.728800e-80,3.328140e-80,-7.773610e-80,-1.003740e-79,-8.334750e-80,6.591870e-80,1.270060e-79,4.656440e-79,9.784030e-79,4.026760e-79,2.032700e-79,6.040130e-81
1.842850e-79,2.768260e-80,6.027460e-80,3.239960e-80,5.151640e-79,6.663870e-79,4.210200e-79,8.030600e-79,8.164380e-79,4.025450e-79,9.509360e-79,9.188390e-79,4.548780e-79,9.177760e-79,1.045060e-78,-4.778410e-80,-1.939110e-79,-1.945170e-79,5.110320e-79,4.822960e-79,-2.879980e-79,1.069440e-78,7.826550e-79,-3.470820e-80,-3.764400e-80,3.177510e-80,3.909990e-80,6.560730e-80,1.321320e-79,5.171420e-79,1.614780e-78,5.474380e-79,5.103810e-80,-1.978410e-80,-1.163610e-79,-1.505750e-79,-1.451800e-79,-5.031100e-80,-1.776870e-80,2.389190e-79,6.658350e-79,3.133690e-79,1.754440e-79,1.097050e-80
1.196330e-79,3.750530e-80,-4.336200e-81,-7.220540e-81,3.038470e-79,1.638560e-79,6.116070e-80,-1.949290e-79,-2.765940e-79,2.112430e-79,1.416920e-79,1.782690e-79,2.150020e-79,-8.051530e-80,-2.809220e-79,4.298780e-80,1.713270e-79,3.378120e-79,1.487620e-79,2.986450e-79,5.729450e-79,-5.798970e-80,-3.470820e-80,7.110170e-80,-2.271100e-81,-7.422360e-80,-6.331080e-80,1.518280e-80,1.451310e-79,1.076040e-79,-3.506430e-79,2.028300e-80,4.539630e-80,1.621130e-80,1.521360e-80,1.642090e-80,1.411220e-80,-1.665190e-80,1.987180e-80,-9.716860e-81,-1.338410e-79,-1.977430e-80,1.743870e-81,1.040110e-80
7.295490e-80,-8.040560e-81,-9.638060e-81,-4.901760e-81,5.488680e-79,-8.281010e-80,2.047520e-81,-4.341150e-80,-9.872870e-80,1.062060e-78,2.149560e-79,1.071360e-79,1.158060e-79,8.146720e-80,-1.274340e-79,-5.010690e-81,1.474890e-78,6.528990e-79,6.296230e-79,3.953060e-79,3.379170e-79,1.155920e-79,-3.764400e-80,-2.271100e-81,7.801650e-79,5.848330e-79,6.641000e-79,7.161740e-79,6.358680e-79,4.215860e-79,9.840650e-80,2.066610e-80,-1.625080e-80,3.024910e-79,2.350000e-79,2.594840e-79,2.803590e-79,3.357930e-79,3.814720e-79,3.161120e-79,1.107250e-79,-1.487700e-80,-4.704020e-80,-1.112530e-80
7.326570e-81,-1.828690e-80,4.502140e-81,5.857740e-81,3.287090e-79,-2.673690e-80,1.188750e-80,2.073470e-79,2.329170e-79,8.210110e-79,4.262560e-79,1.731790e-79,4.260430e-81,1.866660e-79,2.151830e-79,-4.674180e-80,1.006970e-78,5.765640e-79,8.056150e-79,3.517080e-79,-8.322520e-80,2.485790e-79,3.177510e-80,-7.422360e-80,5.848330e-79,6.319920e-79,7.855100e-79,8.111790e-79,6.330880e-79,4.555230e-79,6.061910e-79,4.971160e-80,-6.148780e-80,2.046900e-79,1.941680e-79,2.255140e-79,2.535310e-79,3.432000e-79,3.638250e-79,3.425360e-79,3.049190e-79,2.272460e-80,-5.604370e-80,-2.283340e-80
1.135810e-79,1.356970e-80,1.104070e-80,6.373670e-81,6.446260e-79,1.528830e-79,1.653320e-79,2.155110e-79,1.811990e-79,1.175300e-78,8.164370e-79,7.237240e-79,3.523360e-79,2.713300e-79,1.560850e-79,-4.071320e-80,1.225200e-78,1.110950e-78,1.693100e-78,1.096710e-78,4.735110e-79,3.744180e-79,3.909990e-80,-6.331080e-80,6.641000e-79,7.855100e-79,1.176090e-78,1.370190e-78,1.263600e-78,9.420830e-79,7.488280e-79,7.870710e-80,-7.433910e-80,2.512160e-79,2.468990e-79,3.055100e-79,3.618720e-79,4.983780e-79,6.003870e-79,5.753250e-79,3.319020e-79,-1.132340e-79,-1.467200e-79,-3.442310e-80
3.107710e-79,8.151630e-80,1.594100e-80,1.544170e-81,1.201260e-78,5.581810e-79,3.854600e-79,7.857760e-80,-8.738670e-80,1.656140e-78,1.392780e-78,1.421580e-78,9.054980e-79,3.337730e-79,-1.073430e-79,3.931660e-81,1.535680e-78,1.852520e-78,2.537010e-78,2.059730e-78,1.522860e-78,4.990500e-79,6.560730e-80,1.518280e-80,7.161740e-79,8.111790e-79,1.370190e-78,1.801250e-78,1.941600e-78,1.522310e-78,6.235450e-79,1.615620e-79,-2.906730e-80,3.023630e-79,2.908690e-79,3.658340e-79,4.409430e-79,5.895480e-79,8.090910e-79,7.929520e-79,2.659030e-79,-2.158670e-79,-1.882040e-79,-2.993890e-80
6.190450e-79,1.812870e-79,2.104010e-80,-7.074410e-81,2.015360e-78,1.232610e-78,6.293730e-79,-1.836650e-79,-5.049960e-79,2.237760e-78,2.200270e-78,2.254820e-78,1.641770e-78,3.229470e-79,-4.985750e-79,7.780580e-80,1.790870e-78,2.684970e-78,3.221880e-78,3.184250e-78,2.995140e-78,6.392330e-79,1.321320e-79,1.451310e-79,6.358680e-79,6.330880e-79,1.263600e-78,1.941600e-78,2.570750e-78,2.225970e-78,4.400580e-79,3.462060e-79,7.558730e-80,2.997710e-79,2.841890e-79,3.565580e-79,4.328500e-79,5.543780e-79,9.381090e-79,1.025330e-78,2.819340e-79,-1.724920e-79,-1.338880e-79,-5.741770e-81
6.949700e-79,1.834190e-79,4.686440e-80,9.119730e-81,2.185110e-78,1.539690e-78,7.533550e-79,2.165490e-79,-3.388600e-80,2.243430e-78,2.569380e-78,2.535420e-78,1.774270e-78,7.214880e-79,6.992310e-80,4.307700e-80,1.332820e-78,2.176930e-78,3.007530e-78,3.173960e-78,2.706870e-78,1.178530e-78,5.171420e-79,1.076040e-79,4.215860e-79,4.555230e-79,9.420830e-79,1.522310e-78,2.225970e-78,2.394270e-78,1.521010e-78,7.042180e-79,1.257030e-79,1.962670e-79,1.652790e-79,2.012990e-79,2.476230e-79,3.721050e-79,7.379870e-79,1.075120e-78,8.517260e-79,2.197920e-79,7.822090e-80,1.441480e-80
5.707800e-80,-5.294680e-80,1.341190e-79,8.915320e-80,4.558600e-79,9.900080e-79,6.679970e-79,2.280160e-78,2.605410e-78,7.593060e-79,2.103590e-78,1.725160e-78,4.716690e-79,2.108750e-78,3.005160e-78,-2.623080e-79,-5.469150e-79,-8.718270e-79,1.482490e-78,8.421310e-79,-1.860320e-78,2.539320e-78,1.614780e-78,-3.506430e-79,9.840650e-80,6.061910e-79,7.488280e-79,6.235450e-79,4.400580e-79,1.521010e-78,5.289810e-78,1.228650e-78,-4.965270e-80,-4.658130e-80,-1.644990e-79,-2.157770e-79,-2.027330e-79,1.155850e-79,1.517870e-79,9.675160e-79,2.462770e-78,9.498180e-79,3.992980e-79,-1.311940e-80
2.584030e-79,5.281280e-80,3.814870e-80,1.744230e-80,7.809120e-79,6.843040e-79,3.368200e-79,4.278520e-79,3.953230e-79,7.013290e-79,1.024770e-78,8.970850e-79,5.387200e-79,5.941510e-79,5.440480e-79,-7.255290e-81,1.401200e-79,3.107760e-79,7.039420e-79,7.912560e-79,4.076740e-79,8.222370e-79,5.474380e-79,2.028300e-80,2.066610e-80,4.971160e-80,7.870710e-80,1.615620e-79,3.462060e-79,7.042180e-79,1.228650e-78,5.318850e-79,9.201940e-80,9.837810e-81,-3.408580e-80,-5.356230e-80,-5.535320e-80,-6.481060e-81,7.038070e-80,3.136690e-79,6.961420e-79,4.341700e-79,2.149880e-79,2.389520e-80
7.876700e-80,2.307120e-80,-1.939800e-82,-2.675300e-81,2.171530e-79,1.475250e-79,5.083430e-80,-7.161480e-80,-1.138000e-79,1.576080e-79,1.577330e-79,1.410260e-79,1.405640e-79,1.331650e-80,-9.584620e-80,2.442850e-80,8.247690e-80,1.837300e-79,8.270770e-80,2.044460e-79,3.334850e-79,5.728800e-80,5.103810e-80,4.539630e-80,-1.625080e-80,-6.148780e-80,-7.433910e-80,-2.906730e-80,7.558730e-80,1.257030e-79,-4.965270e-80,9.201940e-80,5.164220e-80,4.368300e-81,-1.191990e-81,-6.489040e-81,-1.074970e-80,-2.535330e-80,1.158080e-80,4.957120e-80,5.987660e-80,1.072880e-79,7.336060e-80,1.548290e-80
3.248640e-80,6.519220e-81,-3.203900e-81,-3.133200e-81,2.095200e-79,1.716160e-80,3.946440e-80,-4.863600e-80,-9.864990e-80,3.869440e-79,1.063940e-79,1.178670e-79,1.188810e-79,4.217880e-80,-1.116550e-79,8.398360e-81,5.558270e-79,3.298810e-79,3.231160e-79,2.632500e-79,2.686650e-79,3.328140e-80,-1.978410e-80,1.621130e-80,3.024910e-79,2.046900e-79,2.512160e-79,3.023630e-79,2.997710e-79,1.962670e-79,-4.658130e-80,9.837810e-81,4.368300e-81,1.540570e-79,1.146160e-79,1.214310e-79,1.305140e-79,1.453280e-79,1.757310e-79,1.388770e-79,3.726940e-80,-1.428660e-80,-1.890110e-80,-1.569420e-81
3.535600e-80,7.065630e-81,-8.522950e-81,-5.912230e-81,1.992260e-79,-3.197400e-81,-1.700120e-80,-1.365880e-79,-1.726140e-79,3.475430e-79,1.100870e-79,6.667540e-80,7.585870e-80,-9.366760e-80,-2.175890e-79,1.318340e-80,4.792490e-79,4.161800e-79,3.472580e-79,2.687070e-79,3.465410e-79,-7.773610e-80,-1.163610e-79,1.521360e-80,2.350000e-79,1.941680e-79,2.468990e-79,2.908690e-79,2.841890e-79,1.652790e-79,-1.644990e-79,-3.408580e-80,-1.191990e-81,1.146160e-79,1.270170e-79,1.401720e-79,1.406920e-79,1.298920e-79,1.436870e-79,8.342620e-80,-1.960920e-80,-1.634010e-80,-2.942910e-80,-2.449810e-81
4.746130e-80,1.084570e-80,-1.147340e-80,-7.732190e-81,2.487720e-79,-1.474960e-80,-1.883970e-80,-1.765040e-79,-2.191560e-79,4.132780e-79,1.202490e-79,9.172630e-80,9.904510e-80,-1.266600e-79,-2.755320e-79,1.459740e-80,5.457060e-79,4.875380e-79,4.322620e-79,3.338830e-79,4.352240e-79,-1.003740e-79,-1.505750e-79,1.642090e-80,2.594840e-79,2.255140e-79,3.055100e-79,3.658340e-79,3.565580e-79,2.012990e-79,-2.157770e-79,-5.356230e-80,-6.489040e-81,1.214310e-79,1.401720e-79,1.633890e-79,1.709970e-79,1.675910e-79,1.861690e-79,1.016380e-79,-5.119420e-80,-3.711370e-80,-4.633580e-80,-4.871750e-81
5.015960e-80,1.592390e-80,-1.215020e-80,-8.336130e-81,2.721430e-79,-4.198390e-81,-4.226390e-81,-1.751940e-79,-2.229300e-79,4.616000e-79,1.467960e-79,1.207500e-79,1.196310e-79,-1.133170e-79,-2.763750e-79,1.160980e-80,5.940750e-79,5.250500e-79,4.878810e-79,3.728650e-79,4.601260e-79,-8.334750e-80,-1.451800e-79,1.411220e-80,2.803590e-79,2.535310e-79,3.618720e-79,4.409430e-79,4.328500e-79,2.476230e-79,-2.027330e-79,-5.535320e-80,-1.074970e-80,1.305140e-79,1.406920e-79,1.709970e-79,1.949560e-79,2.148070e-79,2.486930e-79,1.548780e-79,-3.875470e-80,-4.017930e-80,-5.191440e-80,-6.784890e-81
1.694810e-80,9.468530e-81,-7.115320e-81,-3.861600e-81,2.359540e-79,-7.861760e-81,2.759250e-80,-3.412390e-80,-5.832120e-80,5.158450e-79,2.215760e-79,1.735020e-79,1.078190e-79,2.186520e-80,-8.423190e-80,-1.247460e-80,6.343600e-79,4.752740e-79,5.959120e-79,3.946730e-79,2.777280e-79,6.591870e-80,-5.031100e-80,-1.665190e-80,3.357930e-79,3.432000e-79,4.983780e-79,5.895480e-79,5.543780e-79,3.721050e-79,1.155850e-79,-6.481060e-81,-2.535330e-80,1.453280e-79,1.298920e-79,1.675910e-79,2.148070e-79,2.956550e-79,3.581700e-79,3.054190e-79,1.279060e-79,-2.169190e-81,-4.068380e-80,-1.140990e-80
6.229220e-80,3.121800e-80,-8.973440e-81,-7.172570e-81,4.120580e-79,1.216930e-79,8.276530e-80,-1.103060e-79,-1.766250e-79,7.278930e-79,4.463590e-79,3.899500e-79,2.845790e-79,3.368670e-80,-1.878790e-79,5.816750e-81,8.290840e-79,8.298100e-79,9.394840e-79,8.060740e-79,7.054090e-79,1.270060e-79,-1.776870e-80,1.987180e-80,3.814720e-79,3.638250e-79,6.003870e-79,8.090910e-79,9.381090e-79,7.379870e-79,1.517870e-79,7.038070e-80,1.158080e-80,1.757310e-79,1.436870e-79,1.861690e-79,2.486930e-79,3.581700e-79,5.371530e-79,5.756780e-79,2.867300e-79,4.954940e-80,-8.497950e-81,-3.210040e-81
8.468930e-81,1.255770e-80,5.531100e-81,3.862750e-81,3.166040e-79,2.120340e-79,1.234360e-79,1.676840e-79,1.614530e-79,6.745110e-79,6.621380e-79,5.147970e-79,2.780260e-79,2.934610e-79,2.239890e-79,-2.124510e-80,6.340810e-79,6.736520e-79,1.024260e-78,9.161420e-79,4.554790e-79,4.656440e-79,2.389190e-79,-9.716860e-81,3.161120e-79,3.425360e-79,5.753250e-79,7.929520e-79,1.025330e-78,1.075120e-78,9.675160e-79,3.136690e-79,4.957120e-80,1.388770e-79,8.342620e-80,1.016380e-79,1.548780e-79,3.054190e-79,5.756780e-79,8.967270e-79,8.682200e-79,3.180460e-79,1.386050e-79,1.065340e-80
-1.449090e-79,-5.261690e-80,3.655970e-80,3.054480e-80,-8.727960e-80,2.546350e-79,7.390630e-80,8.087020e-79,1.012090e-78,2.990610e-79,7.971400e-79,2.622720e-79,-1.587350e-79,7.023530e-79,1.188490e-78,-1.036000e-79,-3.431190e-80,-1.252730e-79,4.713900e-79,2.083180e-79,-8.914540e-79,9.784030e-79,6.658350e-79,-1.338410e-79,1.107250e-79,3.049190e-79,3.319020e-79,2.659030e-79,2.819340e-79,8.517260e-79,2.462770e-78,6.961420e-79,5.987660e-80,3.726940e-80,-1.960920e-80,-5.119420e-80,-3.875470e-80,1.279060e-79,2.867300e-79,8.682200e-79,1.930910e-78,1.104080e-78,4.832580e-79,3.458000e-80
-5.628470e-81,-1.283020e-80,3.974160e-81,6.699720e-81,1.652710e-79,1.885130e-79,-6.504020e-80,1.897780e-79,3.002890e-79,2.869110e-79,3.861330e-79,-1.158310e-79,-1.967500e-79,1.668350e-79,3.949910e-79,-2.176960e-80,4.547250e-80,-2.135160e-80,-1.656140e-79,-1.272060e-79,-2.993180e-79,4.026760e-79,3.133690e-79,-1.977430e-80,-1.487700e-80,2.272460e-80,-1.132340e-79,-2.158670e-79,-1.724920e-79,2.197920e-79,9.498180e-79,4.341700e-79,1.072880e-79,-1.428660e-80,-1.634010e-80,-3.711370e-80,-4.017930e-80,-2.169190e-81,4.954940e-80,3.180460e-79,1.104080e-78,1.048780e-78,5.131230e-79,5.484870e-80
-2.934090e-81,-3.738130e-81,2.012800e-81,2.961210e-81,5.542230e-80,1.057110e-79,-1.511870e-80,8.760360e-80,1.306100e-79,7.113140e-80,1.549600e-79,-4.381700e-80,-6.741100e-80,1.077400e-79,1.857230e-79,-5.632770e-81,-5.151530e-80,-8.889330e-80,-1.678510e-79,-7.367860e-80,-1.277250e-79,2.032700e-79,1.754440e-79,1.743870e-81,-4.704020e-80,-5.604370e-80,-1.467200e-79,-1.882040e-79,-1.338880e-79,7.822090e-80,3.992980e-79,2.149880e-79,7.336060e-80,-1.890110e-80,-2.942910e-80,-4.633580e-80,-5.191440e-80,-4.068380e-80,-8.497950e-81,1.386050e-79,4.832580e-79,5.131230e-79,2.975360e-79,3.588200e-80
1.056690e-80,3.697260e-81,-8.464720e-82,-8.415310e-82,3.034580e-80,2.563070e-80,1.446740e-81,-2.192500e-80,-2.723030e-80,1.791590e-80,2.141530e-80,5.073720e-81,1.253230e-80,-6.018480e-81,-2.279590e-80,5.594810e-81,5.429230e-81,2.654800e-80,-1.498310e-80,1.956730e-80,5.656130e-80,6.040130e-81,1.097050e-80,1.040110e-80,-1.112530e-80,-2.283340e-80,-3.442310e-80,-2.993890e-80,-5.741770e-81,1.441480e-80,-1.311940e-80,2.389520e-80,1.548290e-80,-1.569420e-81,-2.449810e-81,-4.871750e-81,-6.784890e-81,-1.140990e-80,-3.210040e-81,1.065340e-80,3.458000e-80,5.484870e-80,3.588200e-80,6.546300e-81
